Date,[Author Year] {Qubit},DOI,Published?,Measured Lab,Notes,EJ (hGHz),EC (hGHz),EL (hGHz),fr (GHz),kappa/2pi (MHz),g/2pi (hMHz),Coherence Loc?,chi01 (hMHz),T1 (us),T2R (us),T2E (us),Fid_ro,Grounded/Floating,n_crit,n_ro,t_ro (us),Quantum Amplifier,Drive Lines,Bandaging,Cavity Type,Flux Noise Amplitude (uPhi0),Cap. Pad Material,Qubit Image,Measured Area/Perim Image,Loop area (um^2),Loop Perimeter (um),Measured JJ Area,JJ in Array area (um^2),n_JJ_in_Array,Special Name,Substrate,Superinductance,# Other Qb,Jc (uA/um^2),tan(deltaC) (x10^6)
2025/02/26,[Haonan 2025] B,10.48550/arXiv.2502.18902,arXiv,Tsinghua,Can’t tell if grounded or not from picture.,3.91,1.01,0.52,6.997,,,half-flux,,113,17,39,,,,,,JPA,"charge drive, on-chip flux",Ion-Mill During JJ,2D,,Ta,,,,,,,,,Sapphire,Dolan JJ Array,One,,
2025/02/26,[Haonan 2025] A,10.48550/arXiv.2502.18902,arXiv,Tsinghua,Can’t tell if grounded or not from picture.,3.58,1.03,0.54,6.964,,,half-flux,,433,72,99,0.9728,,,10.4,,JPA,"charge drive, on-chip flux",Ion-Mill During JJ,2D,,Ta,,,,,,,,,Sapphire,Dolan JJ Array,One,,
2025/01/30,[Mazhorin 2025] B,10.48550/arXiv.2501.18521,arXiv,MISIS,,4.29,0.5,2.11,,,,,,,,,,grounded,,,,IMPA,"charge drive, on-chip flux",,2D,,,Fluxonium%20Qubits%20122b0deae41080ff93c9df95db61e38e/Screenshot_2025-03-01_163610.png,,,,,,,,,Dolan JJ Array,Zero,,
2025/01/30,[Mazhorin 2025] A,10.48550/arXiv.2501.18521,arXiv,MISIS,,3.56,0.49,1.74,,,,,,,,,,grounded,,,,IMPA,"charge drive, on-chip flux",,2D,,,Fluxonium%20Qubits%20122b0deae41080ff93c9df95db61e38e/Screenshot_2025-03-01_163610.png,,,,,,,,,Dolan JJ Array,Zero,,
2025/01/29,[Bista 2025] C,10.48550/arXiv.2501.17807,arXiv,UIUC,125 number for nJJ might only be for one of the qubits,2.25,1.08,0.32,7.826,0.6,250,half-flux,0.1,199,,253,,floating,,,,TWPA,global flux,,2D,,Ta,Fluxonium%20Qubits%20122b0deae41080ff93c9df95db61e38e/Screenshot_2025-02-07_152719.png,Fluxonium%20Qubits%20122b0deae41080ff93c9df95db61e38e/Screenshot_2025-03-01_161647.png,689,168,,,125,,Sapphire,Bridge-less JJ,Zero,,
2025/01/29,[Bista 2025] B,10.48550/arXiv.2501.17807,arXiv,UIUC,125 number for nJJ might only be for one of the qubits,2.49,1.06,0.32,7.047,1.4,215,half-flux,1.8,84,,60,,floating,,,,TWPA,global flux,,2D,,Ta,Fluxonium%20Qubits%20122b0deae41080ff93c9df95db61e38e/Screenshot_2025-02-07_152719.png,Fluxonium%20Qubits%20122b0deae41080ff93c9df95db61e38e/Screenshot_2025-03-01_161647.png,689,168,,,125,,Sapphire,Bridge-less JJ,Zero,,
2025/01/29,[Bista 2025] A,10.48550/arXiv.2501.17807,arXiv,UIUC,125 number for nJJ might only be for one of the qubits,2.68,1.09,0.32,7.44,0.6,203,half-flux,0.9,70,,88,,floating,,,,TWPA,global flux,,2D,,Ta,Fluxonium%20Qubits%20122b0deae41080ff93c9df95db61e38e/Screenshot_2025-02-07_152719.png,Fluxonium%20Qubits%20122b0deae41080ff93c9df95db61e38e/Screenshot_2025-03-01_161647.png,689,168,,,125,,Sapphire,Bridge-less JJ,Zero,,
2025/01/29,[Bothara 2025],10.48550/arXiv.2501.16691,arXiv,Tata,0.962 assignment fidelity w/o JPA. n_crit is estimated from fig 3c/d.,4.098,0.754,0.998,7.167,11.6,,half-flux,1.2,402,298,627,0.978,floating,400,126,0.26,JPA,global flux,,3D,,Ta,,,,,,,,,,Dolan JJ Array,Zero,,
2025/01/07,[Günzler 2025],10.48550/arXiv.2501.03661,arXiv,KIT,"gradiometric fluxonium. Flux noise amplitude is reported at 0 magnetic field ",32.2,14.1,0.454,,1.2,,half-flux,,8,1.5,3,,floating,,25,0.54,,global flux,None,Antenna,35,GrAl,Fluxonium%20Qubits%20122b0deae41080ff93c9df95db61e38e/Screenshot_2025-01-14_150040.png,,,,,,,gralmonium,Sapphire,GrAl,Zero,,
2024/12/13,[Rower 2024],10.1103/PRXQuantum.5.040342,Published,MIT,,5.71,1.3,0.59,7.08,1.5,,half-flux,1,200,,200,,floating,,,,TWPA,"charge drive, global flux, on-chip flux",,2D,,Al,Fluxonium%20Qubits%20122b0deae41080ff93c9df95db61e38e/Screenshot_2025-01-06_104729.png,Fluxonium%20Qubits%20122b0deae41080ff93c9df95db61e38e/Screenshot_2025-01-08_180126.png,255,78,,,,,Si,Dolan JJ Array,One,,
2024/11/25,[Sashwat 2024] 4,10.48550/arXiv.2411.16648,arXiv,Princeton,"Fluxonium Molecule, don’t use in comparison. Ec is only global capacitance, shared inductance is not accounted. T1 is for the [I] mode.",0.48,2.5,0.48,,,,fluxonium molecule,,15,1.4,,,floating,,,,None,on-chip flux,Ion-Mill During JJ,2D,,Ta,Fluxonium%20Qubits%20122b0deae41080ff93c9df95db61e38e/Screenshot_2025-01-07_133236.png,Fluxonium%20Qubits%20122b0deae41080ff93c9df95db61e38e/Screenshot_2025-01-08_202219.png,5454,651,,,,Protomon,Sapphire,Dolan JJ Array,Zero,,
2024/11/25,[Sashwat 2024] 3,10.48550/arXiv.2411.16648,arXiv,Princeton,"Fluxonium Molecule, don’t use in comparison. Ec is only global capacitance, shared inductance is not accounted. T1 is for the [I] mode.",0.36,2.5,0.36,,,,fluxonium molecule,,87,3.9,,,floating,,,,None,on-chip flux,Ion-Mill During JJ,2D,,Ta,Fluxonium%20Qubits%20122b0deae41080ff93c9df95db61e38e/Screenshot_2025-01-07_133236.png,Fluxonium%20Qubits%20122b0deae41080ff93c9df95db61e38e/Screenshot_2025-01-08_202219.png,5454,651,,,,Protomon,Sapphire,Dolan JJ Array,Zero,,
2024/11/25,[Sashwat 2024] 2,10.48550/arXiv.2411.16648,arXiv,Princeton,"Fluxonium Molecule, don’t use in comparison. Ec is only global capacitance, shared inductance is not accounted. T1 is for the [I] mode.",0.3,3.5,0.3,,,,fluxonium molecule,,38,0.25,,,floating,,,,None,on-chip flux,Ion-Mill During JJ,2D,,Ta,Fluxonium%20Qubits%20122b0deae41080ff93c9df95db61e38e/Screenshot_2025-01-07_133236.png,Fluxonium%20Qubits%20122b0deae41080ff93c9df95db61e38e/Screenshot_2025-01-08_202219.png,5454,651,,,,Protomon,Sapphire,Dolan JJ Array,Zero,,
2024/11/25,[Sashwat 2024] 1,10.48550/arXiv.2411.16648,arXiv,Princeton,"Fluxonium Molecule, don’t use in comparison. Ec is only global capacitance, shared inductance is not accounted. T1 is for the [I] mode.",0.15,2.4,0.15,,,,fluxonium molecule,,64,0.47,,,floating,,,,None,on-chip flux,Ion-Mill During JJ,2D,,Ta,Fluxonium%20Qubits%20122b0deae41080ff93c9df95db61e38e/Screenshot_2025-01-07_133236.png,Fluxonium%20Qubits%20122b0deae41080ff93c9df95db61e38e/Screenshot_2025-01-08_202219.png,5454,651,,,,Protomon,Sapphire,Dolan JJ Array,Zero,,
2024/11/22,[Yilmaz 2024],10.48550/arXiv.2411.15039,arXiv,Delft,Coherence not reported at all (potentially quite low),4.028,0.943,0.775,,,85.15,half-flux,,,,,,floating,,,,None,"charge drive, on-chip flux",Ex-situ,2D,,NbTiN,"Fluxonium%20Qubits%20122b0deae41080ff93c9df95db61e38e/Screenshot_2025-01-07_215952.png, Fluxonium%20Qubits%20122b0deae41080ff93c9df95db61e38e/Screenshot_2025-01-07_220355.png",Fluxonium%20Qubits%20122b0deae41080ff93c9df95db61e38e/Screenshot_2025-01-08_205858.png,1463,534,,0.1681,100,,Si,Manhattan JJ Array,Zero,,
2024/11/20,[Stefanaski 2024],10.48550/arXiv.2411.13437,arXiv,Delft,pulse off the sweet spot to do readout,3.82,0.865,0.822,5.175,6.04,37.2,half-flux,0.92,,,,0.943,floating,,,0.28,None,"charge drive, on-chip flux",Ex-situ,2D,,NbTiN,Fluxonium%20Qubits%20122b0deae41080ff93c9df95db61e38e/Screenshot_2025-01-07_220719.png,Fluxonium%20Qubits%20122b0deae41080ff93c9df95db61e38e/Screenshot_2025-01-08_205858.png,1463,534,,,100,,Si,Manhattan JJ Array,One,,
2024/11/08,[Nie 2024],10.1103/PhysRevApplied.22.054021,Published,UIUC,"SNAIL coupling to readout resonator. No QND readout fidelity reported. ",5.54,0.89,0.47,6.245,0.4,,half-flux,0.55,56,47,61,,floating,,,,TWPA,"charge drive, global flux",,2D,,Ta,Fluxonium%20Qubits%20122b0deae41080ff93c9df95db61e38e/Screenshot_2025-01-08_122438.png,Fluxonium%20Qubits%20122b0deae41080ff93c9df95db61e38e/Screenshot_2025-01-08_212432.png,552,133,,,,,Sapphire,Bridge-less JJ,Zero,,
2024/11/04,[Lin 2024] B,10.48550/arXiv.2407.15783,arXiv,UMD,,6.27,0.99,1.16,7.475,9,,half-flux,6.5,160,110,150,,floating,,,,JTWPA,"charge drive, global flux",None,3D,,Al,Fluxonium%20Qubits%20122b0deae41080ff93c9df95db61e38e/Screenshot_2025-01-08_121528.png,Fluxonium%20Qubits%20122b0deae41080ff93c9df95db61e38e/Screenshot_2025-01-08_212242.png,521,183,,,,,Sapphire,Dolan JJ Array,One,,
2024/11/04,[Mencia 2024] B,10.1103/PRXQuantum.5.040318,Published,UMD,"Coherence is measured at 0 flux ",3.84,1.75,0.14,,,,0-flux,,101,61,201,,floating,,,,None,global flux,None,3D,,Al,Fluxonium%20Qubits%20122b0deae41080ff93c9df95db61e38e/Screenshot_2025-01-06_103137.png,Fluxonium%20Qubits%20122b0deae41080ff93c9df95db61e38e/Screenshot_2025-01-08_180832.png,841,183,,,,Integer Fluxonium,Si,Dolan JJ Array,Zero,,
2024/11/04,[Mencia 2024] C,10.1103/PRXQuantum.5.040318,Published,UMD,Coherence is measured at 0 flux. This qubit is inductively coupled to the readout resonator — antenna?,7.2,2.04,0.18,,,,0-flux,,328,57,81,,floating,,,,None,global flux,None,Antenna,,Al,Fluxonium%20Qubits%20122b0deae41080ff93c9df95db61e38e/Screenshot_2025-01-06_103137.png,Fluxonium%20Qubits%20122b0deae41080ff93c9df95db61e38e/Screenshot_2025-01-08_180832.png,841,183,,,,Integer Fluxonium,Si,Dolan JJ Array,Zero,,
2024/11/04,[Mencia 2024] D,10.1103/PRXQuantum.5.040318,Published,UMD,"Coherence is measured at 0 flux ",6.86,1.46,0.23,,,,0-flux,,255,118,185,,floating,,,,None,global flux,None,3D,,Al,Fluxonium%20Qubits%20122b0deae41080ff93c9df95db61e38e/Screenshot_2025-01-06_103137.png,Fluxonium%20Qubits%20122b0deae41080ff93c9df95db61e38e/Screenshot_2025-01-08_180832.png,841,183,,,,Integer Fluxonium,Si,Dolan JJ Array,Zero,,
2024/11/04,[Mencia 2024] A,10.1103/PRXQuantum.5.040318,Published,UMD,"Coherence is measured at 0 flux ",4.12,1.64,0.18,,,,0-flux,,109,38,175,,floating,,,,None,global flux,None,3D,,Al,Fluxonium%20Qubits%20122b0deae41080ff93c9df95db61e38e/Screenshot_2025-01-06_103137.png,Fluxonium%20Qubits%20122b0deae41080ff93c9df95db61e38e/Screenshot_2025-01-08_180832.png,841,183,,,,Integer Fluxonium,Si,Dolan JJ Array,Zero,,
2024/11/04,[Lin 2024] A,10.48550/arXiv.2407.15783,Published,UMD,,5.59,0.98,0.76,7.475,9,,half-flux,3,260,100,200,,floating,,,,JTWPA,"charge drive, global flux",None,3D,,Al,Fluxonium%20Qubits%20122b0deae41080ff93c9df95db61e38e/Screenshot_2025-01-08_121528.png,Fluxonium%20Qubits%20122b0deae41080ff93c9df95db61e38e/Screenshot_2025-01-08_212242%201.png,521,183,,,,,Sapphire,Dolan JJ Array,One,,
2024/10/16,[Ardati 2024] B,10.1103/PhysRevX.14.041014,Published,Grenoble Alpes,0-flux coherence times,5.76,1.62,0.162,6.89,5.4,-210,0-flux,6.9,87.6,,45.7,,floating,,,,TWPA,"charge drive, global flux",None,2D,3,Al,Fluxonium%20Qubits%20122b0deae41080ff93c9df95db61e38e/Screenshot_2025-01-08_111328.png,Fluxonium%20Qubits%20122b0deae41080ff93c9df95db61e38e/Screenshot_2025-01-08_212153.png,3900,285,"Fluxonium%20Qubits%20122b0deae41080ff93c9df95db61e38e/Screenshot_2025-01-18_160717.png, Fluxonium%20Qubits%20122b0deae41080ff93c9df95db61e38e/Screenshot_2025-01-18_162830.png",0.58,524,,Si,Dolan JJ Array,Zero,,
2024/10/16,[Ardati 2024] A,10.1103/PhysRevX.14.041014,Published,Grenoble Alpes,"JJ area is really small from image of the JJ chain, likely the wrong scale bar. Calibrating using the small JJ, we can get instead that the area is 0.58 um^2.",6.01,1.59,0.165,6.908,6.5,180,half-flux,6.8,182,,88,,floating,,,,TWPA,"charge drive, global flux",None,2D,2,Al,Fluxonium%20Qubits%20122b0deae41080ff93c9df95db61e38e/Screenshot_2025-01-08_111328.png,Fluxonium%20Qubits%20122b0deae41080ff93c9df95db61e38e/Screenshot_2025-01-08_212153.png,3900,285,"Fluxonium%20Qubits%20122b0deae41080ff93c9df95db61e38e/Screenshot_2025-01-18_160717.png, Fluxonium%20Qubits%20122b0deae41080ff93c9df95db61e38e/Screenshot_2025-01-18_162830.png",0.58,524,,Si,Dolan JJ Array,Zero,,
2024/10/09,[Atanasova 2024],10.48550/arXiv.2409.07612,arXiv,AAS,Not clear if antenna or 3d cavity for readout. Seems like two harmonic modes. Two reported sets of qubit parameters in Table 1 vs Appendix C. T1 is estimated from Fig. 4 at half flux,10.8,3.5,1.014,6.8176,0.922,25.2,half-flux,,15,,,,floating,,,,DJJAA,global flux,None,Antenna,,Al,Fluxonium%20Qubits%20122b0deae41080ff93c9df95db61e38e/Screenshot_2025-01-08_110118.png,Fluxonium%20Qubits%20122b0deae41080ff93c9df95db61e38e/Screenshot_2025-01-08_212055.png,6756,379,,,,,Sapphire,GrAl,Zero,,
2024/10/05,[Strickland 2024] B,10.48550/arXiv.2406.09002,arXiv,NYU,"voltage-tunable Ej. Reported Ej is where coherence was measured. ",6.5,0.15,4.97,,,,half-flux (tunable Ej),,0.09,0.07,,,floating,,,,TWPA,global flux,,2D,,Al,Fluxonium%20Qubits%20122b0deae41080ff93c9df95db61e38e/Screenshot_2025-01-08_104941.png,Fluxonium%20Qubits%20122b0deae41080ff93c9df95db61e38e/Screenshot_2025-01-08_211942.png,9245,700,,,400,Gatemonium,Fe-doped InP,Al/InAs/Al,Zero,,
2024/10/05,[Strickland 2024] A,10.48550/arXiv.2406.09002,arXiv,NYU,voltage-tunable Ej,,0.8,2.8,7.4,1.8,150,half-flux (tunable Ej),,,,,,floating,,,,TWPA,global flux,,2D,,Al,Fluxonium%20Qubits%20122b0deae41080ff93c9df95db61e38e/Screenshot_2025-01-08_104941.png,Fluxonium%20Qubits%20122b0deae41080ff93c9df95db61e38e/Screenshot_2025-01-08_211942.png,9245,700,,,600,Gatemonium,Fe-doped InP,Al/InAs/Al,Zero,,
2024/10/01,[Paluch 2024],10.48550/arXiv.2410.01053,arXiv,KIT,"Coherence times converted from decay rates in Fig 2. Model in 1c looks like antenna readout, but not clear.",16.6,3.38,0.929,7.458,4.1,,half-flux,-2.7,2.1,2.99,3.91,,grounded,,,,None,global flux,,Antenna,,,,,,,,,,,,,Zero,,
2024/10/01,[Schirk 2024],10.48550/arXiv.2410.00495,arXiv,TUM,Additional charge drive line is not shown in the image,1.69,0.68,1.07,6.9,1.2,,half-flux,2.65,168,75,223,,floating,,,,None,"charge drive, on-chip flux",,2D,,Nb,Fluxonium%20Qubits%20122b0deae41080ff93c9df95db61e38e/Screenshot_2025-01-08_104219.png,,,,,,,,Si,Dolan JJ Array,Zero,,
2024/09/18,[Rower 2025],10.48550/arXiv.2409.12303,arXiv,MIT,Same as A2 from [Ding 2023],5.71,1.3,0.59,,,,half-flux,,,,,,floating,,,,TWPA,global flux,,2D,,Al,Fluxonium%20Qubits%20122b0deae41080ff93c9df95db61e38e/Screenshot_2025-01-08_103623.png,Fluxonium%20Qubits%20122b0deae41080ff93c9df95db61e38e/Screenshot_2025-01-08_180126.png,255,78,,,,,Si,Dolan JJ Array,One,,
2024/08/27,[Randeria 2024] Q6,10.1103/PRXQuantum.5.030341,Published,LL,"Tphi is reported, we combine it with T1 to get t2",3.2,1.39,0.3,,,,half-flux,,235.6,96.3,109.1,,grounded,,,,,,,2D,4.5,Al,Fluxonium%20Qubits%20122b0deae41080ff93c9df95db61e38e/Screenshot_2025-01-08_102041.png,Fluxonium%20Qubits%20122b0deae41080ff93c9df95db61e38e/Screenshot_2025-01-08_213310.png,166,76,,0.6,139,,Si,Dolan JJ Array,Zero,0.15,
2024/08/27,[Randeria 2024] Q5,10.1103/PRXQuantum.5.030341,Published,LL,"Tphi is reported, we combine it with T1 to get t2",3.13,1.37,0.28,,,,half-flux,,126.4,3.87,90.14,,grounded,,,,,,,2D,3.3,Al,Fluxonium%20Qubits%20122b0deae41080ff93c9df95db61e38e/Screenshot_2025-01-08_102041.png,Fluxonium%20Qubits%20122b0deae41080ff93c9df95db61e38e/Screenshot_2025-01-08_213310.png,166,76,,0.45,103,,Si,Dolan JJ Array,Zero,0.15,
2024/08/27,[Randeria 2024] Q4,10.1103/PRXQuantum.5.030341,Published,LL,"Tphi is reported, we combine it with T1 to get t2",3.315,1.43,0.27,,,,half-flux,,165,2.15,67.97,,grounded,,,,,,,2D,3.45,Al,Fluxonium%20Qubits%20122b0deae41080ff93c9df95db61e38e/Screenshot_2025-01-08_102041.png,Fluxonium%20Qubits%20122b0deae41080ff93c9df95db61e38e/Screenshot_2025-01-08_213310.png,166,76,,0.43,99,,Si,Dolan JJ Array,Zero,0.15,
2024/08/27,[Randeria 2024] Q3,10.1103/PRXQuantum.5.030341,Published,LL,"Tphi is reported, we combine it with T1 to get t2",3.1,1.45,0.26,,,,half-flux,,579.1,0.76,119,,grounded,,,,,,,2D,3.5,Al,Fluxonium%20Qubits%20122b0deae41080ff93c9df95db61e38e/Screenshot_2025-01-08_102041.png,Fluxonium%20Qubits%20122b0deae41080ff93c9df95db61e38e/Screenshot_2025-01-08_213310.png,166,76,,0.41,95,,Si,Dolan JJ Array,Zero,0.15,
2024/08/27,[Randeria 2024] Q2,10.1103/PRXQuantum.5.030341,Published,LL,"Tphi is reported, we combine it with T1 to get t2",3.165,1.38,0.26,,,,half-flux,,885.9,0.31,59.9,,grounded,,,,,,,2D,3.3,Al,Fluxonium%20Qubits%20122b0deae41080ff93c9df95db61e38e/Screenshot_2025-01-08_102041.png,Fluxonium%20Qubits%20122b0deae41080ff93c9df95db61e38e/Screenshot_2025-01-08_213310.png,166,76,,0.39,89,,Si,Dolan JJ Array,Zero,0.15,
2024/08/27,[Randeria 2024] Q1,10.1103/PRXQuantum.5.030341,Published,LL,"Tphi is reported, we combine it with T1 to get t2",3.22,1.41,0.25,,,,half-flux,,56.5,0.21,19.45,,grounded,,,,,,,2D,3.35,Al,Fluxonium%20Qubits%20122b0deae41080ff93c9df95db61e38e/Screenshot_2025-01-08_102041.png,Fluxonium%20Qubits%20122b0deae41080ff93c9df95db61e38e/Screenshot_2025-01-08_213310.png,166,76,,0.37,85,,Si,Dolan JJ Array,Zero,0.15,
2024/08/22,[Rajabzadeh 2024] JL2,10.48550/arXiv.2408.12704,Theory Params,,,4.26,2.4,0.0893,,,,,,,,,,,,,,,,,,,,,,,,,,,,,,,,
2024/08/22,[Rajabzadeh 2024] JL1,10.48550/arXiv.2408.12704,Theory Params,,,6.86,1.98,0.102,,,,,,,,,,,,,,,,,,,,,,,,,,,,,,,,
2024/06/03,[Wang 2024b] B,10.1103/PhysRevLett.132.230601,Published,Alibaba,,4.275,1.524,0.693,6.686,,77,half-flux,,30.5,,17.5,,,,,,None,"charge drive, on-chip flux",Ion-Mill During JJ,2D,,NbTiN,Fluxonium%20Qubits%20122b0deae41080ff93c9df95db61e38e/Screenshot_2025-01-07_221944.png,,,,,,,,Sapphire,Dolan JJ Array,Zero,,
2024/06/03,[Wang 2024b] A,10.1103/PhysRevLett.132.230601,Published,Alibaba,,4.164,1.531,0.685,6.504,,56,half-flux,,35.6,,34.9,,,,,,None,"charge drive, on-chip flux",Ion-Mill During JJ,2D,,NbTiN,Fluxonium%20Qubits%20122b0deae41080ff93c9df95db61e38e/Screenshot_2025-01-07_221944.png,,,,,,,,Sapphire,Dolan JJ Array,Zero,,
2024/05/08,[Wang 2024] B,10.48550/arXiv.2405.05481,arXiv,Alibaba,,2.836,1.358,0.573,,,,half-flux,,59,,95,,floating,,,,None,"charge drive, on-chip flux",None,2D,1.54,Ta,Fluxonium%20Qubits%20122b0deae41080ff93c9df95db61e38e/Screenshot_2025-01-06_101819.png,Fluxonium%20Qubits%20122b0deae41080ff93c9df95db61e38e/Screenshot_2025-01-08_180620.png,205,79,Fluxonium%20Qubits%20122b0deae41080ff93c9df95db61e38e/Screenshot_2025-01-18_153053.png,0.7,100,,Sapphire,Ex-situ JJ Array,Zero,,
2024/05/08,[Wang 2024] C,10.48550/arXiv.2405.05481,arXiv,Alibaba,,6.654,1.263,1.406,,,,half-flux,,76,,15,,floating,,,,None,"charge drive, on-chip flux",None,2D,1.86,Ta,Fluxonium%20Qubits%20122b0deae41080ff93c9df95db61e38e/Screenshot_2025-01-06_101819.png,Fluxonium%20Qubits%20122b0deae41080ff93c9df95db61e38e/Screenshot_2025-01-08_180620.png,205,79,Fluxonium%20Qubits%20122b0deae41080ff93c9df95db61e38e/Screenshot_2025-01-18_153053.png,0.7,100,,Sapphire,Ex-situ JJ Array,Zero,,
2024/05/08,[Wang 2024] D,10.48550/arXiv.2405.05481,arXiv,Alibaba,,4.175,1.31,0.572,,,,half-flux,,129,,217,,floating,,,,None,"charge drive, on-chip flux",None,2D,2.57,Ta,Fluxonium%20Qubits%20122b0deae41080ff93c9df95db61e38e/Screenshot_2025-01-06_101819.png,Fluxonium%20Qubits%20122b0deae41080ff93c9df95db61e38e/Screenshot_2025-01-08_180620.png,205,79,Fluxonium%20Qubits%20122b0deae41080ff93c9df95db61e38e/Screenshot_2025-01-18_153053.png,0.7,100,,Sapphire,Ex-situ JJ Array,Zero,,
2024/05/08,[Wang 2024] E,10.48550/arXiv.2405.05481,arXiv,Alibaba,,4.168,1.317,0.552,,,,half-flux,,413,,345,,floating,,,,None,"charge drive, on-chip flux",None,2D,2.35,Ta,Fluxonium%20Qubits%20122b0deae41080ff93c9df95db61e38e/Screenshot_2025-01-06_101819.png,Fluxonium%20Qubits%20122b0deae41080ff93c9df95db61e38e/Screenshot_2025-01-08_180620.png,205,79,Fluxonium%20Qubits%20122b0deae41080ff93c9df95db61e38e/Screenshot_2025-01-18_153053.png,0.7,100,,Sapphire,Ex-situ JJ Array,Zero,,
2024/05/08,[Wang 2024] F,10.48550/arXiv.2405.05481,arXiv,Alibaba,,7.604,1.205,1.497,,,,half-flux,,204,,111,,floating,,,,None,"charge drive, on-chip flux",None,2D,1.42,Ta,Fluxonium%20Qubits%20122b0deae41080ff93c9df95db61e38e/Screenshot_2025-01-06_101819.png,Fluxonium%20Qubits%20122b0deae41080ff93c9df95db61e38e/Screenshot_2025-01-08_180620.png,205,79,Fluxonium%20Qubits%20122b0deae41080ff93c9df95db61e38e/Screenshot_2025-01-18_153053.png,0.7,100,,Sapphire,Ex-situ JJ Array,Zero,,
2024/05/08,[Wang 2024] G,10.48550/arXiv.2405.05481,arXiv,Alibaba,,5.315,1.212,0.547,6.69,2.19,,half-flux,0.223,1070,,943,,floating,,,,None,"charge drive, on-chip flux",None,2D,2.43,Ta,Fluxonium%20Qubits%20122b0deae41080ff93c9df95db61e38e/Screenshot_2025-01-06_101819.png,Fluxonium%20Qubits%20122b0deae41080ff93c9df95db61e38e/Screenshot_2025-01-08_180620.png,205,79,Fluxonium%20Qubits%20122b0deae41080ff93c9df95db61e38e/Screenshot_2025-01-18_153053.png,0.7,100,,Sapphire,Ex-situ JJ Array,Zero,,
2024/05/08,[Wang 2024] H,10.48550/arXiv.2405.05481,arXiv,Alibaba,,7.072,1.441,0.535,,,,half-flux,,873,,355,,floating,,,,None,"charge drive, on-chip flux",None,2D,,Ta,Fluxonium%20Qubits%20122b0deae41080ff93c9df95db61e38e/Screenshot_2025-01-06_101819.png,Fluxonium%20Qubits%20122b0deae41080ff93c9df95db61e38e/Screenshot_2025-01-08_180620.png,205,79,Fluxonium%20Qubits%20122b0deae41080ff93c9df95db61e38e/Screenshot_2025-01-18_153053.png,0.7,100,,Sapphire,Ex-situ JJ Array,Zero,,
2024/05/08,[Wang 2024] S_A,10.48550/arXiv.2405.05481,arXiv,Alibaba,"Higher perimeter, Manhattan style (still ex-situ junctions though). Counted nJJ",3.716,1.403,0.57,,,,half-flux,,60,,96,,floating,,,,None,"charge drive, on-chip flux",None,2D,8.14,Ta,Fluxonium%20Qubits%20122b0deae41080ff93c9df95db61e38e/Screenshot_2025-01-06_100457.png,Fluxonium%20Qubits%20122b0deae41080ff93c9df95db61e38e/Screenshot_2025-01-08_180505.png,1594,244,Fluxonium%20Qubits%20122b0deae41080ff93c9df95db61e38e/Screenshot_2025-01-18_152946.png,0.86,98,,Sapphire,Ex-situ JJ Array,Zero,,
2024/05/08,[Wang 2024] S_B,10.48550/arXiv.2405.05481,arXiv,Alibaba,"Higher perimeter, Manhattan style (still ex-situ junctions though). Counted nJJ",3.792,1.391,0.583,,,,half-flux,,107,,122,,floating,,,,None,"charge drive, on-chip flux",None,2D,4.07,Ta,Fluxonium%20Qubits%20122b0deae41080ff93c9df95db61e38e/Screenshot_2025-01-06_100457.png,Fluxonium%20Qubits%20122b0deae41080ff93c9df95db61e38e/Screenshot_2025-01-08_180505.png,1594,244,Fluxonium%20Qubits%20122b0deae41080ff93c9df95db61e38e/Screenshot_2025-01-18_152946.png,0.86,98,,Sapphire,Ex-situ JJ Array,Zero,,
2024/05/08,[Wang 2024] S_C,10.48550/arXiv.2405.05481,arXiv,Alibaba,"Higher perimeter, Manhattan style (still ex-situ junctions though). Counted nJJ",3.877,1.391,0.603,,,,half-flux,,129,,167,,floating,,,,None,"charge drive, on-chip flux",None,2D,3.72,Ta,Fluxonium%20Qubits%20122b0deae41080ff93c9df95db61e38e/Screenshot_2025-01-06_100457.png,Fluxonium%20Qubits%20122b0deae41080ff93c9df95db61e38e/Screenshot_2025-01-08_180505.png,1594,244,Fluxonium%20Qubits%20122b0deae41080ff93c9df95db61e38e/Screenshot_2025-01-18_152946.png,0.86,98,,Sapphire,Ex-situ JJ Array,Zero,,
2024/05/08,[Wang 2024] S_D,10.48550/arXiv.2405.05481,arXiv,Alibaba,"Higher perimeter, Manhattan style (still ex-situ junctions though). Counted nJJ",3.938,1.384,0.591,,,,half-flux,,112,,196,,floating,,,,None,"charge drive, on-chip flux",None,2D,4.85,Ta,Fluxonium%20Qubits%20122b0deae41080ff93c9df95db61e38e/Screenshot_2025-01-06_100457.png,Fluxonium%20Qubits%20122b0deae41080ff93c9df95db61e38e/Screenshot_2025-01-08_180505.png,1594,244,Fluxonium%20Qubits%20122b0deae41080ff93c9df95db61e38e/Screenshot_2025-01-18_152946.png,0.86,98,,Sapphire,Ex-situ JJ Array,Zero,,
2024/05/08,[Wang 2024] S_E,10.48550/arXiv.2405.05481,arXiv,Alibaba,"Higher perimeter, Manhattan style (still ex-situ junctions though). Counted nJJ",3.949,1.385,0.574,,,,half-flux,,209,,99,,floating,,,,None,"charge drive, on-chip flux",None,2D,5.09,Ta,Fluxonium%20Qubits%20122b0deae41080ff93c9df95db61e38e/Screenshot_2025-01-06_100457.png,Fluxonium%20Qubits%20122b0deae41080ff93c9df95db61e38e/Screenshot_2025-01-08_180505.png,1594,244,Fluxonium%20Qubits%20122b0deae41080ff93c9df95db61e38e/Screenshot_2025-01-18_152946.png,0.86,98,,Sapphire,Ex-situ JJ Array,Zero,,
2024/05/08,[Wang 2024] S_F,10.48550/arXiv.2405.05481,arXiv,Alibaba,"Higher perimeter, Manhattan style (still ex-situ junctions though). Counted nJJ",4.274,1.37,0.598,,,,half-flux,,138,,166,,floating,,,,None,"charge drive, on-chip flux",None,2D,4.88,Ta,Fluxonium%20Qubits%20122b0deae41080ff93c9df95db61e38e/Screenshot_2025-01-06_100457.png,Fluxonium%20Qubits%20122b0deae41080ff93c9df95db61e38e/Screenshot_2025-01-08_180505.png,1594,244,Fluxonium%20Qubits%20122b0deae41080ff93c9df95db61e38e/Screenshot_2025-01-18_152946.png,0.86,98,,Sapphire,Ex-situ JJ Array,Zero,,
2024/05/08,[Wang 2024] A,10.48550/arXiv.2405.05481,arXiv,Alibaba,,2.758,1.369,0.585,,,,half-flux,,72,,98,,floating,,,,None,"charge drive, on-chip flux",None,2D,2.06,Ta,Fluxonium%20Qubits%20122b0deae41080ff93c9df95db61e38e/Screenshot_2025-01-06_101819.png,Fluxonium%20Qubits%20122b0deae41080ff93c9df95db61e38e/Screenshot_2025-01-08_180620.png,205,79,Fluxonium%20Qubits%20122b0deae41080ff93c9df95db61e38e/Screenshot_2025-01-18_153053.png,0.7,100,,Sapphire,Ex-situ JJ Array,Zero,,
2024/05/02,[Zhang 2024] B,10.1103/PRXQuantum.5.020326,Published,SchusterLab (Chicago),Some of the parameters between qA and qB are likely switched,4.88,0.905,0.286,7.241,1.1,,half-flux,0.7,300,200,300,0.95,grounded,,,18.2,None,on-chip flux,None,2D,,Ta,Fluxonium%20Qubits%20122b0deae41080ff93c9df95db61e38e/Screenshot_2024-12-31_162243.png,Fluxonium%20Qubits%20122b0deae41080ff93c9df95db61e38e/Screenshot_2025-01-08_171752.png,467,191,,,222,,Sapphire,Manhattan JJ Array,One,,
2024/05/02,[Zhang 2024] A,10.1103/PRXQuantum.5.020326,Published,SchusterLab (Chicago),Some of the parameters between qA and qB are likely switched,5.65,0.95,0.292,6.9857,1.1,,half-flux,0.7,180,150,250,0.93,grounded,,,10.4,None,on-chip flux,None,2D,,Ta,Fluxonium%20Qubits%20122b0deae41080ff93c9df95db61e38e/Screenshot_2024-12-31_162243.png,Fluxonium%20Qubits%20122b0deae41080ff93c9df95db61e38e/Screenshot_2025-01-08_171752.png,467,191,,,222,,Sapphire,Manhattan JJ Array,One,,
2024/02/29,[Kalacheva 2024] VIII,10.1103/PhysRevApplied.21.024058,Published,MISIS,Coherence at 0 flux,14,0.32,12.2,7.779,,,0-flux,,14.83,12.28,13.32,,grounded,,,,None,on-chip flux,Ex-situ,2D,,Al,Fluxonium%20Qubits%20122b0deae41080ff93c9df95db61e38e/Screenshot_2025-01-08_100906.png,,,,,,,Kinemon,Si,Al,Zero,,
2024/02/29,[Kalacheva 2024] VII,10.1103/PhysRevApplied.21.024058,Published,MISIS,Coherence at 0 flux,8.61,0.47,8.11,7.688,,,0-flux,,19.18,6.59,12.73,,grounded,,,,None,on-chip flux,Ex-situ,2D,,Al,Fluxonium%20Qubits%20122b0deae41080ff93c9df95db61e38e/Screenshot_2025-01-08_100906.png,,,,,,,Kinemon,Si,Al,Zero,,
2024/02/29,[Kalacheva 2024] VI,10.1103/PhysRevApplied.21.024058,Published,MISIS,Coherence at 0 flux,5.9,0.7,14.65,7.608,,,0-flux,,20.39,13.98,18.25,,grounded,,,,None,on-chip flux,Ex-situ,2D,,Al,Fluxonium%20Qubits%20122b0deae41080ff93c9df95db61e38e/Screenshot_2025-01-08_100906.png,Fluxonium%20Qubits%20122b0deae41080ff93c9df95db61e38e/Screenshot_2025-01-08_211143.png,246,264,,,,Kinemon,Si,Al,Zero,,
2024/02/29,[Kalacheva 2024] V,10.1103/PhysRevApplied.21.024058,Published,MISIS,Coherence at 0 flux,2.44,1.8,9.07,7.495,,,0-flux,,8.61,9.69,14.87,,grounded,,,,None,on-chip flux,Ex-situ,2D,,Al,Fluxonium%20Qubits%20122b0deae41080ff93c9df95db61e38e/Screenshot_2025-01-08_100906.png,Fluxonium%20Qubits%20122b0deae41080ff93c9df95db61e38e/Screenshot_2025-01-08_211143.png,246,264,,,,Kinemon,Si,Al,Zero,,
2024/02/29,[Kalacheva 2024] IV,10.1103/PhysRevApplied.21.024058,Published,MISIS,Coherence at 0 flux,2.92,1.95,8.4,7.433,,,0-flux,,8.95,7.8,8.05,,grounded,,,,None,on-chip flux,Ex-situ,2D,,Al,Fluxonium%20Qubits%20122b0deae41080ff93c9df95db61e38e/Screenshot_2025-01-08_100906.png,Fluxonium%20Qubits%20122b0deae41080ff93c9df95db61e38e/Screenshot_2025-01-08_211143.png,246,264,,,,Kinemon,Si,Al,Zero,,
2024/02/29,[Kalacheva 2024] III,10.1103/PhysRevApplied.21.024058,Published,MISIS,Coherence at 0 flux,4,1.5,7.4,7.341,,,0-flux,,19.45,11.63,,,grounded,,,,None,on-chip flux,Ex-situ,2D,,Al,Fluxonium%20Qubits%20122b0deae41080ff93c9df95db61e38e/Screenshot_2025-01-08_100906.png,Fluxonium%20Qubits%20122b0deae41080ff93c9df95db61e38e/Screenshot_2025-01-08_211143.png,246,264,,,,Kinemon,Si,Al,Zero,,
2024/02/29,[Kalacheva 2024] II,10.1103/PhysRevApplied.21.024058,Published,MISIS,Coherence at 0 flux,6,1.1,8.75,7.284,,,0-flux,,17.56,17.3,20.84,,grounded,,,,None,on-chip flux,Ex-situ,2D,,Al,Fluxonium%20Qubits%20122b0deae41080ff93c9df95db61e38e/Screenshot_2025-01-08_100906.png,Fluxonium%20Qubits%20122b0deae41080ff93c9df95db61e38e/Screenshot_2025-01-08_211143.png,246,264,,,,Kinemon,Si,Al,Zero,,
2024/02/29,[Kalacheva 2024] I,10.1103/PhysRevApplied.21.024058,Published,MISIS,Coherence at 0 flux,5.01,0.99,7.78,7.185,,,0-flux,,17.92,11.45,7.92,,grounded,,,,None,on-chip flux,Ex-situ,2D,,Al,Fluxonium%20Qubits%20122b0deae41080ff93c9df95db61e38e/Screenshot_2025-01-08_100906.png,Fluxonium%20Qubits%20122b0deae41080ff93c9df95db61e38e/Screenshot_2025-01-08_211143.png,246,264,,,,Kinemon,Si,Al,Zero,,
2024/02/21,[Vrajitoarea 2024],10.48550/arXiv.2209.14972,arXiv,Princeton,"tunable Ej junctions, coupled to many other resonators for photonic crystal",8.17,3.3,5.55,,,,,,,,,,floating,,,,None,on-chip flux,None,Antenna,,Nb,Fluxonium%20Qubits%20122b0deae41080ff93c9df95db61e38e/Screenshot_2025-01-08_095822.png,,,,,,38,,Sapphire,Dolan JJ Array,Zero,,
2024/02/08,[Ma 2024] B,10.1103/PhysRevLett.132.060602,Published,Alibaba,Double exponential for T1,2.68,1.24,0.45,,,,half-flux,,65.1,33.2,,,floating,,,,,"charge drive, on-chip flux",,2D,,,Fluxonium%20Qubits%20122b0deae41080ff93c9df95db61e38e/Screenshot_2025-01-08_094636.png,Fluxonium%20Qubits%20122b0deae41080ff93c9df95db61e38e/Screenshot_2025-01-08_213149.png,4222,765,,,,,,,One,,
2024/02/08,[Ma 2024] A,10.1103/PhysRevLett.132.060602,Published,Alibaba,Double exponential for T1,2.89,1.61,0.45,,,,half-flux,,57.8,39,,,floating,,,,,"charge drive, on-chip flux",,2D,,,Fluxonium%20Qubits%20122b0deae41080ff93c9df95db61e38e/Screenshot_2025-01-08_094636.png,Fluxonium%20Qubits%20122b0deae41080ff93c9df95db61e38e/Screenshot_2025-01-08_213149.png,4222,765,,,,,,,One,,
2024/02/07,[Somoroff 2024] 4,10.1103/PhysRevApplied.21.024015,Published,SEEQC,,2.36,0.89,1.14,6.1391,0.269,85,half-flux,0.63,33.6,,23.2,,floating,,,,None,on-chip flux,Ion-Mill During JJ,2D,,Nb,Fluxonium%20Qubits%20122b0deae41080ff93c9df95db61e38e/Screenshot_2025-01-08_093852.png,Fluxonium%20Qubits%20122b0deae41080ff93c9df95db61e38e/Screenshot_2025-01-08_210606.png,98,63,,,,,Si,Dolan JJ Array,Zero,,2
2024/02/07,[Somoroff 2024] 3,10.1103/PhysRevApplied.21.024015,Published,SEEQC,,2.5,0.89,1.14,6.4493,0.391,86,half-flux,1.39,55.1,,27.5,,floating,,,,None,on-chip flux,Ion-Mill During JJ,2D,,Nb,Fluxonium%20Qubits%20122b0deae41080ff93c9df95db61e38e/Screenshot_2025-01-08_093852.png,Fluxonium%20Qubits%20122b0deae41080ff93c9df95db61e38e/Screenshot_2025-01-08_210606.png,98,63,,,,,Si,Dolan JJ Array,Zero,,1.6
2024/01/24,[Najera-Santos 2024],10.1103/PhysRevX.14.011007,Published,Sorbonne,"Readout fidelity averaged between the prep g meas g and prep e meas e probabilities. Unable to find chi/g, probably weakly coupled.",5.178,0.4144,0.18,5.64,2.4,,half-flux,,34,39.7,,0.896,grounded,,,0.6,JTWPA,"charge drive, on-chip flux",None,2D,,Nb,Fluxonium%20Qubits%20122b0deae41080ff93c9df95db61e38e/Screenshot_2025-01-01_163734.png,Fluxonium%20Qubits%20122b0deae41080ff93c9df95db61e38e/Screenshot_2025-01-08_174537.png,1040,437,Fluxonium%20Qubits%20122b0deae41080ff93c9df95db61e38e/Screenshot_2025-01-18_152807.png,0.39,360,,Si,Dolan JJ Array,Zero,,
2023/12/13,[Lee 2023],10.1103/PRXQuantum.4.040342,Published,LINQS,Fluxonium coupled to LN mechanics as well,2.6349,0.8016,0.7966,4.91972,1.2,0,half-flux,,3.57,0.33,1.35,,floating,,,,TWPA,"charge drive, on-chip flux",,2D,,Al,"Fluxonium%20Qubits%20122b0deae41080ff93c9df95db61e38e/Screenshot_2025-01-08_092646.png, Fluxonium%20Qubits%20122b0deae41080ff93c9df95db61e38e/Screenshot_2025-01-08_092852.png",Fluxonium%20Qubits%20122b0deae41080ff93c9df95db61e38e/Screenshot_2025-01-08_210504.png,1254,210,,,,,Si,Dolan JJ Array,Zero,,
2023/11/23,[Gao 2023] 12_4,10.48550/arXiv.2310.06621,arXiv,Alibaba,"varies cross-section of nano-wire and looks at flux noise amplitude. Table S1 has ~25 qubits. Note that they report tan(delta) and flux noise amplitude, not T1",5.27,1.36,0.81,,,,half-flux,,,,,,floating,,,,None,on-chip flux,,2D,32,TiN,"Fluxonium%20Qubits%20122b0deae41080ff93c9df95db61e38e/Screenshot_2025-01-08_085128.png, Fluxonium%20Qubits%20122b0deae41080ff93c9df95db61e38e/Screenshot_2025-01-08_085513.png",,,1250,,,,,Sapphire,TiAlN,Zero,,2.3
2023/11/23,[Gao 2023] 13_1,10.48550/arXiv.2310.06621,arXiv,Alibaba,"varies cross-section of nano-wire and looks at flux noise amplitude. Table S1 has ~25 qubits. Note that they report tan(delta) and flux noise amplitude, not T1",4.61,1.39,0.65,,,,half-flux,,,,,,floating,,,,None,on-chip flux,,2D,37,TiN,"Fluxonium%20Qubits%20122b0deae41080ff93c9df95db61e38e/Screenshot_2025-01-08_085128.png, Fluxonium%20Qubits%20122b0deae41080ff93c9df95db61e38e/Screenshot_2025-01-08_085513.png",,,1000,,,,,Sapphire,TiAlN,Zero,,1.7
2023/11/23,[Gao 2023] 2_1,10.48550/arXiv.2310.06621,arXiv,Alibaba,"varies cross-section of nano-wire and looks at flux noise amplitude. Table S1 has ~25 qubits. Note that they report tan(delta) and flux noise amplitude, not T1",5.77,1.39,0.47,,,,half-flux,,,,,,floating,,,,None,on-chip flux,,2D,241,TiN,"Fluxonium%20Qubits%20122b0deae41080ff93c9df95db61e38e/Screenshot_2025-01-08_085128.png, Fluxonium%20Qubits%20122b0deae41080ff93c9df95db61e38e/Screenshot_2025-01-08_085513.png",,,226.9,,,,,Sapphire,TiAlN,Zero,,5.9
2023/11/23,[Gao 2023] 2_2,10.48550/arXiv.2310.06621,arXiv,Alibaba,"varies cross-section of nano-wire and looks at flux noise amplitude. Table S1 has ~25 qubits. Note that they report tan(delta) and flux noise amplitude, not T1",5.53,1.3,0.5,,,,half-flux,,,,,,floating,,,,None,on-chip flux,,2D,241,TiN,"Fluxonium%20Qubits%20122b0deae41080ff93c9df95db61e38e/Screenshot_2025-01-08_085128.png, Fluxonium%20Qubits%20122b0deae41080ff93c9df95db61e38e/Screenshot_2025-01-08_085513.png",,,567.1,,,,,Sapphire,TiAlN,Zero,,4.8
2023/11/23,[Gao 2023] 3_1,10.48550/arXiv.2310.06621,arXiv,Alibaba,"varies cross-section of nano-wire and looks at flux noise amplitude. Table S1 has ~25 qubits. Note that they report tan(delta) and flux noise amplitude, not T1",3.88,1.52,0.89,,,,half-flux,,,,,,floating,,,,None,on-chip flux,,2D,36,TiN,"Fluxonium%20Qubits%20122b0deae41080ff93c9df95db61e38e/Screenshot_2025-01-08_085128.png, Fluxonium%20Qubits%20122b0deae41080ff93c9df95db61e38e/Screenshot_2025-01-08_085513.png",,,398.9,,,,,Sapphire,TiAlN,Zero,,2.4
2023/11/23,[Gao 2023] 4_1,10.48550/arXiv.2310.06621,arXiv,Alibaba,"varies cross-section of nano-wire and looks at flux noise amplitude. Table S1 has ~25 qubits. Note that they report tan(delta) and flux noise amplitude, not T1",5.91,1.34,0.5,,,,half-flux,,,,,,floating,,,,None,on-chip flux,,2D,76,TiN,"Fluxonium%20Qubits%20122b0deae41080ff93c9df95db61e38e/Screenshot_2025-01-08_085128.png, Fluxonium%20Qubits%20122b0deae41080ff93c9df95db61e38e/Screenshot_2025-01-08_085513.png",,,1119,,,,,Sapphire,TiAlN,Zero,,2.1
2023/11/23,[Gao 2023] 4_2,10.48550/arXiv.2310.06621,arXiv,Alibaba,"varies cross-section of nano-wire and looks at flux noise amplitude. Table S1 has ~25 qubits. Note that they report tan(delta) and flux noise amplitude, not T1",5.83,1.33,0.53,,,,half-flux,,,,,,floating,,,,None,on-chip flux,,2D,76,TiN,"Fluxonium%20Qubits%20122b0deae41080ff93c9df95db61e38e/Screenshot_2025-01-08_085128.png, Fluxonium%20Qubits%20122b0deae41080ff93c9df95db61e38e/Screenshot_2025-01-08_085513.png",,,1322.5,,,,,Sapphire,TiAlN,Zero,,3.2
2023/11/23,[Gao 2023] 5_2,10.48550/arXiv.2310.06621,arXiv,Alibaba,"varies cross-section of nano-wire and looks at flux noise amplitude. Table S1 has ~25 qubits. Note that they report tan(delta) and flux noise amplitude, not T1",4.33,1.36,0.68,,,,half-flux,,,,,,floating,,,,None,on-chip flux,,2D,29,TiN,"Fluxonium%20Qubits%20122b0deae41080ff93c9df95db61e38e/Screenshot_2025-01-08_085128.png, Fluxonium%20Qubits%20122b0deae41080ff93c9df95db61e38e/Screenshot_2025-01-08_085513.png",,,1250,,,,,Sapphire,TiN,Zero,,2.7
2023/11/23,[Gao 2023] 12_3,10.48550/arXiv.2310.06621,arXiv,Alibaba,"varies cross-section of nano-wire and looks at flux noise amplitude. Table S1 has ~25 qubits. Note that they report tan(delta) and flux noise amplitude, not T1",4.98,1.38,0.82,,,,half-flux,,,,,,floating,,,,None,on-chip flux,,2D,32,TiN,"Fluxonium%20Qubits%20122b0deae41080ff93c9df95db61e38e/Screenshot_2025-01-08_085128.png, Fluxonium%20Qubits%20122b0deae41080ff93c9df95db61e38e/Screenshot_2025-01-08_085513.png",,,1000,,,,,Sapphire,TiAlN,Zero,,2.8
2023/11/23,[Gao 2023] 12_2,10.48550/arXiv.2310.06621,arXiv,Alibaba,"varies cross-section of nano-wire and looks at flux noise amplitude. Table S1 has ~25 qubits. Note that they report tan(delta) and flux noise amplitude, not T1",4.1,1.39,0.85,,,,half-flux,,,,,,floating,,,,None,on-chip flux,,2D,23,TiN,"Fluxonium%20Qubits%20122b0deae41080ff93c9df95db61e38e/Screenshot_2025-01-08_085128.png, Fluxonium%20Qubits%20122b0deae41080ff93c9df95db61e38e/Screenshot_2025-01-08_085513.png",,,1250,,,,,Sapphire,TiAlN,Zero,,1.8
2023/11/23,[Gao 2023] 12_1,10.48550/arXiv.2310.06621,arXiv,Alibaba,"varies cross-section of nano-wire and looks at flux noise amplitude. Table S1 has ~25 qubits. Note that they report tan(delta) and flux noise amplitude, not T1",5.53,1.36,0.84,,,,half-flux,,,,,,floating,,,,None,on-chip flux,,2D,22,TiN,"Fluxonium%20Qubits%20122b0deae41080ff93c9df95db61e38e/Screenshot_2025-01-08_085128.png, Fluxonium%20Qubits%20122b0deae41080ff93c9df95db61e38e/Screenshot_2025-01-08_085513.png",,,1000,,,,,Sapphire,TiAlN,Zero,,2
2023/11/23,[Gao 2023] 11_2,10.48550/arXiv.2310.06621,arXiv,Alibaba,"varies cross-section of nano-wire and looks at flux noise amplitude. Table S1 has ~25 qubits. Note that they report tan(delta) and flux noise amplitude, not T1",5.57,1.38,0.53,,,,half-flux,,,,,,floating,,,,None,on-chip flux,,2D,63,TiN,"Fluxonium%20Qubits%20122b0deae41080ff93c9df95db61e38e/Screenshot_2025-01-08_085128.png, Fluxonium%20Qubits%20122b0deae41080ff93c9df95db61e38e/Screenshot_2025-01-08_085513.png",,,1386.4,,,,,Sapphire,TiAlN,Zero,,3
2023/11/23,[Gao 2023] 11_1,10.48550/arXiv.2310.06621,arXiv,Alibaba,"varies cross-section of nano-wire and looks at flux noise amplitude. Table S1 has ~25 qubits. Note that they report tan(delta) and flux noise amplitude, not T1",5.42,1.37,0.55,,,,half-flux,,,,,,floating,,,,None,on-chip flux,,2D,55,TiN,"Fluxonium%20Qubits%20122b0deae41080ff93c9df95db61e38e/Screenshot_2025-01-08_085128.png, Fluxonium%20Qubits%20122b0deae41080ff93c9df95db61e38e/Screenshot_2025-01-08_085513.png",,,1386.4,,,,,Sapphire,TiAlN,Zero,,2.8
2023/11/23,[Gao 2023] 10_2,10.48550/arXiv.2310.06621,arXiv,Alibaba,"varies cross-section of nano-wire and looks at flux noise amplitude. Table S1 has ~25 qubits. Note that they report tan(delta) and flux noise amplitude, not T1",4.4,1.39,0.85,,,,half-flux,,,,,,floating,,,,None,on-chip flux,,2D,68,TiN,"Fluxonium%20Qubits%20122b0deae41080ff93c9df95db61e38e/Screenshot_2025-01-08_085128.png, Fluxonium%20Qubits%20122b0deae41080ff93c9df95db61e38e/Screenshot_2025-01-08_085513.png",,,932.9,,,,,Sapphire,TiAlN,Zero,,2.6
2023/11/23,[Gao 2023] 10_1,10.48550/arXiv.2310.06621,arXiv,Alibaba,"varies cross-section of nano-wire and looks at flux noise amplitude. Table S1 has ~25 qubits. Note that they report tan(delta) and flux noise amplitude, not T1",4.92,1.39,0.83,,,,half-flux,,,,,,floating,,,,None,on-chip flux,,2D,75,TiN,"Fluxonium%20Qubits%20122b0deae41080ff93c9df95db61e38e/Screenshot_2025-01-08_085128.png, Fluxonium%20Qubits%20122b0deae41080ff93c9df95db61e38e/Screenshot_2025-01-08_085513.png",,,789.4,,,,,Sapphire,TiAlN,Zero,,2.8
2023/11/23,[Gao 2023] 9_2,10.48550/arXiv.2310.06621,arXiv,Alibaba,"varies cross-section of nano-wire and looks at flux noise amplitude. Table S1 has ~25 qubits. Note that they report tan(delta) and flux noise amplitude, not T1",4.69,1.42,0.63,,,,half-flux,,,,,,floating,,,,None,on-chip flux,,2D,134,TiN,"Fluxonium%20Qubits%20122b0deae41080ff93c9df95db61e38e/Screenshot_2025-01-08_085128.png, Fluxonium%20Qubits%20122b0deae41080ff93c9df95db61e38e/Screenshot_2025-01-08_085513.png",,,699.3,,,,,Sapphire,TiAlN,Zero,,2.7
2023/11/23,[Gao 2023] 9_1,10.48550/arXiv.2310.06621,arXiv,Alibaba,"varies cross-section of nano-wire and looks at flux noise amplitude. Table S1 has ~25 qubits. Note that they report tan(delta) and flux noise amplitude, not T1",4.72,1.43,0.61,,,,half-flux,,,,,,floating,,,,None,on-chip flux,,2D,145,TiN,"Fluxonium%20Qubits%20122b0deae41080ff93c9df95db61e38e/Screenshot_2025-01-08_085128.png, Fluxonium%20Qubits%20122b0deae41080ff93c9df95db61e38e/Screenshot_2025-01-08_085513.png",,,591.7,,,,,Sapphire,TiAlN,Zero,,3.4
2023/11/23,[Gao 2023] 8_2,10.48550/arXiv.2310.06621,arXiv,Alibaba,"varies cross-section of nano-wire and looks at flux noise amplitude. Table S1 has ~25 qubits. Note that they report tan(delta) and flux noise amplitude, not T1",5.8,1.38,0.57,,,,half-flux,,,,,,floating,,,,None,on-chip flux,,2D,148,TiN,"Fluxonium%20Qubits%20122b0deae41080ff93c9df95db61e38e/Screenshot_2025-01-08_085128.png, Fluxonium%20Qubits%20122b0deae41080ff93c9df95db61e38e/Screenshot_2025-01-08_085513.png",,,1104.4,,,,,Sapphire,TiAlN,Zero,,2
2023/11/23,[Gao 2023] 8_1,10.48550/arXiv.2310.06621,arXiv,Alibaba,"varies cross-section of nano-wire and looks at flux noise amplitude. Table S1 has ~25 qubits. Note that they report tan(delta) and flux noise amplitude, not T1",6.03,1.37,0.59,,,,half-flux,,,,,,floating,,,,None,on-chip flux,,2D,143,TiN,"Fluxonium%20Qubits%20122b0deae41080ff93c9df95db61e38e/Screenshot_2025-01-08_085128.png, Fluxonium%20Qubits%20122b0deae41080ff93c9df95db61e38e/Screenshot_2025-01-08_085513.png",,,934.5,,,,,Sapphire,TiAlN,Zero,,4.7
2023/11/23,[Gao 2023] 7_4,10.48550/arXiv.2310.06621,arXiv,Alibaba,"varies cross-section of nano-wire and looks at flux noise amplitude. Table S1 has ~25 qubits. Note that they report tan(delta) and flux noise amplitude, not T1",2.74,1.29,0.56,,,,half-flux,,,,,,floating,,,,None,on-chip flux,,2D,55,TiN,"Fluxonium%20Qubits%20122b0deae41080ff93c9df95db61e38e/Screenshot_2025-01-08_085128.png, Fluxonium%20Qubits%20122b0deae41080ff93c9df95db61e38e/Screenshot_2025-01-08_085513.png",,,887.3,,,,,Sapphire,TiAlN,Zero,,2.6
2023/11/23,[Gao 2023] 7_3,10.48550/arXiv.2310.06621,arXiv,Alibaba,"varies cross-section of nano-wire and looks at flux noise amplitude. Table S1 has ~25 qubits. Note that they report tan(delta) and flux noise amplitude, not T1",3.01,1.38,0.73,,,,half-flux,,,,,,floating,,,,None,on-chip flux,,2D,43,TiN,"Fluxonium%20Qubits%20122b0deae41080ff93c9df95db61e38e/Screenshot_2025-01-08_085128.png, Fluxonium%20Qubits%20122b0deae41080ff93c9df95db61e38e/Screenshot_2025-01-08_085513.png",,,887.3,,,,,Sapphire,TiAlN,Zero,,2.5
2023/11/23,[Gao 2023] 7_2,10.48550/arXiv.2310.06621,arXiv,Alibaba,"varies cross-section of nano-wire and looks at flux noise amplitude. Table S1 has ~25 qubits. Note that they report tan(delta) and flux noise amplitude, not T1",3.81,1.36,0.68,,,,half-flux,,,,,,floating,,,,None,on-chip flux,,2D,93,TiN,"Fluxonium%20Qubits%20122b0deae41080ff93c9df95db61e38e/Screenshot_2025-01-08_085128.png, Fluxonium%20Qubits%20122b0deae41080ff93c9df95db61e38e/Screenshot_2025-01-08_085513.png",,,813.3,,,,,Sapphire,TiAlN,Zero,,2.4
2023/11/23,[Gao 2023] 7_1,10.48550/arXiv.2310.06621,arXiv,Alibaba,"varies cross-section of nano-wire and looks at flux noise amplitude. Table S1 has ~25 qubits. Note that they report tan(delta) and flux noise amplitude, not T1",3.96,1.36,0.66,,,,half-flux,,,,,,floating,,,,None,on-chip flux,,2D,100,TiN,"Fluxonium%20Qubits%20122b0deae41080ff93c9df95db61e38e/Screenshot_2025-01-08_085128.png, Fluxonium%20Qubits%20122b0deae41080ff93c9df95db61e38e/Screenshot_2025-01-08_085513.png",,,739.4,,,,,Sapphire,TiAlN,Zero,,2.3
2023/11/23,[Gao 2023] 6_2,10.48550/arXiv.2310.06621,arXiv,Alibaba,"varies cross-section of nano-wire and looks at flux noise amplitude. Table S1 has ~25 qubits. Note that they report tan(delta) and flux noise amplitude, not T1",4.57,1.38,0.64,,,,half-flux,,,,,,floating,,,,None,on-chip flux,,2D,45,TiN,"Fluxonium%20Qubits%20122b0deae41080ff93c9df95db61e38e/Screenshot_2025-01-08_085128.png, Fluxonium%20Qubits%20122b0deae41080ff93c9df95db61e38e/Screenshot_2025-01-08_085513.png",,,1250,,,,,Sapphire,TiN,Zero,,2.3
2023/11/23,[Gao 2023] 6_1,10.48550/arXiv.2310.06621,arXiv,Alibaba,"varies cross-section of nano-wire and looks at flux noise amplitude. Table S1 has ~25 qubits. Note that they report tan(delta) and flux noise amplitude, not T1",4.74,1.39,0.6,,,,half-flux,,,,,,floating,,,,None,on-chip flux,,2D,46,TiN,"Fluxonium%20Qubits%20122b0deae41080ff93c9df95db61e38e/Screenshot_2025-01-08_085128.png, Fluxonium%20Qubits%20122b0deae41080ff93c9df95db61e38e/Screenshot_2025-01-08_085513.png",,,1000,,,,,Sapphire,TiN,Zero,,3.2
2023/11/23,[Gao 2023] 5_1,10.48550/arXiv.2310.06621,arXiv,Alibaba,"varies cross-section of nano-wire and looks at flux noise amplitude. Table S1 has ~25 qubits. Note that they report tan(delta) and flux noise amplitude, not T1",3.77,1.4,0.65,,,,half-flux,,,,,,floating,,,,None,on-chip flux,,2D,27,TiN,"Fluxonium%20Qubits%20122b0deae41080ff93c9df95db61e38e/Screenshot_2025-01-08_085128.png, Fluxonium%20Qubits%20122b0deae41080ff93c9df95db61e38e/Screenshot_2025-01-08_085513.png",,,1000,,,,,Sapphire,TiN,Zero,,3.1
2023/11/23,[Gao 2023] 1_3,10.48550/arXiv.2310.06621,arXiv,Alibaba,"varies cross-section of nano-wire and looks at flux noise amplitude. Table S1 has ~25 qubits. Note that they report tan(delta) and flux noise amplitude, not T1",5.25,1.3,0.32,,,,half-flux,,,,,,floating,,,,None,on-chip flux,,2D,333,TiN,"Fluxonium%20Qubits%20122b0deae41080ff93c9df95db61e38e/Screenshot_2025-01-08_085128.png, Fluxonium%20Qubits%20122b0deae41080ff93c9df95db61e38e/Screenshot_2025-01-08_085513.png",,,340,,,,,Sapphire,TiAlN,Zero,,10.6
2023/11/23,[Gao 2023] 1_2,10.48550/arXiv.2310.06621,arXiv,Alibaba,"varies cross-section of nano-wire and looks at flux noise amplitude. Table S1 has ~25 qubits. Note that they report tan(delta) and flux noise amplitude, not T1",4.42,1.37,0.35,,,,half-flux,,,,,,floating,,,,None,on-chip flux,,2D,379,TiN,"Fluxonium%20Qubits%20122b0deae41080ff93c9df95db61e38e/Screenshot_2025-01-08_085128.png, Fluxonium%20Qubits%20122b0deae41080ff93c9df95db61e38e/Screenshot_2025-01-08_085513.png",,,320,,,,,Sapphire,TiAlN,Zero,,6.6
2023/11/23,[Gao 2023] 1_1,10.48550/arXiv.2310.06621,arXiv,Alibaba,"varies cross-section of nano-wire and looks at flux noise amplitude. Table S1 has ~25 qubits. Note that they report tan(delta) and flux noise amplitude, not T1",4.07,1.42,0.39,,,,half-flux,,,,,,floating,,,,None,on-chip flux,,2D,286,TiN,"Fluxonium%20Qubits%20122b0deae41080ff93c9df95db61e38e/Screenshot_2025-01-08_085128.png, Fluxonium%20Qubits%20122b0deae41080ff93c9df95db61e38e/Screenshot_2025-01-08_085513.png",,,280,,,,,Sapphire,TiAlN,Zero,,5.4
2023/11/03,[Simakov 2023] B,10.1103/PRXQuantum.4.040321,Published,MISIS,,1.9,0.55,0.7507,7.3813,6.954,,half-flux,0.162,22,5.8,,,,,,,IMPA,"charge drive, on-chip flux",Ex-situ,2D,,Al,Fluxonium%20Qubits%20122b0deae41080ff93c9df95db61e38e/Screenshot_2025-01-07_200148.png,,,,,,,,Si,Dolan JJ Array,One,,
2023/11/03,[Simakov 2023] A,10.1103/PRXQuantum.4.040321,Published,MISIS,,1.8,0.55,0.7507,7.1699,8.656,,half-flux,0.131,15.8,4.5,,,,,,,IMPA,"charge drive, on-chip flux",Ex-situ,2D,,Al,Fluxonium%20Qubits%20122b0deae41080ff93c9df95db61e38e/Screenshot_2025-01-07_200148.png,,,,,,,,Si,Dolan JJ Array,One,,
2023/09/25,[Ding 2023] B2,10.1103/PhysRevX.13.031035,Published,MIT,,5.4,1.33,0.6,7.09,1.5,,half-flux,0.3,1200,135,310,0.95,floating,,,2,TWPA,"charge drive, global flux, on-chip flux",,2D,,Al,Fluxonium%20Qubits%20122b0deae41080ff93c9df95db61e38e/Screenshot_2025-01-06_095355.png,Fluxonium%20Qubits%20122b0deae41080ff93c9df95db61e38e/Screenshot_2025-01-08_180126.png,255,78,,,102,,Si,Dolan JJ Array,One,,
2023/09/25,[Ding 2023] B1,10.1103/PhysRevX.13.031035,Published,MIT,,5.7,1.41,0.88,7.2,1.5,,half-flux,0.3,450,230,240,0.95,floating,,,2,TWPA,"charge drive, global flux, on-chip flux",,2D,,Al,Fluxonium%20Qubits%20122b0deae41080ff93c9df95db61e38e/Screenshot_2025-01-06_095355.png,Fluxonium%20Qubits%20122b0deae41080ff93c9df95db61e38e/Screenshot_2025-01-08_180126.png,255,78,,,102,,Si,Dolan JJ Array,One,,
2023/09/25,[Ding 2023] A2,10.1103/PhysRevX.13.031035,Published,MIT,,5.71,1.3,0.59,7.08,1.5,,half-flux,0.3,1090,70,190,0.95,floating,,,2,TWPA,"charge drive, global flux, on-chip flux",,2D,,Al,Fluxonium%20Qubits%20122b0deae41080ff93c9df95db61e38e/Screenshot_2025-01-06_095355.png,Fluxonium%20Qubits%20122b0deae41080ff93c9df95db61e38e/Screenshot_2025-01-08_180126.png,255,78,,,102,,Si,Dolan JJ Array,One,,
2023/09/25,[Ding 2023] A1,10.1103/PhysRevX.13.031035,Published,MIT,,6.27,1.41,0.8,7.19,1.5,,half-flux,0.3,560,160,200,0.95,floating,,,2,TWPA,"charge drive, global flux, on-chip flux",,2D,,Al,Fluxonium%20Qubits%20122b0deae41080ff93c9df95db61e38e/Screenshot_2025-01-06_095355.png,Fluxonium%20Qubits%20122b0deae41080ff93c9df95db61e38e/Screenshot_2025-01-08_180126.png,255,78,,,102,,Si,Dolan JJ Array,One,,
2023/09/12,[D-wave 2023],,Published,D-Wave,Split JJ for frequency tuning,13.91,2.98,0.654,,,,half-flux (tunable Ej),,120,10,,,floating,,,,,on-chip flux,,,,,Fluxonium%20Qubits%20122b0deae41080ff93c9df95db61e38e/Screenshot_2025-01-07_125800.png,Fluxonium%20Qubits%20122b0deae41080ff93c9df95db61e38e/Screenshot_2025-01-08_201931.png,674,119,,,,,,,Zero,,
2023/09/08,[Sun 2023],10.1103/PhysRevApplied.20.034016,Published,Alibaba,"tunable Ej fluxonium, a lot of data on coherence for different locations. Ej tunable from 0.05 to 14.19 GHz. Treat this specially in database???? readout done with f01 =385 MHz. ",,1.49,0.65,,,,,,,,,0.89,,,,1.5,,"charge drive, on-chip flux",,,,,Fluxonium%20Qubits%20122b0deae41080ff93c9df95db61e38e/Screenshot_2025-01-07_194340.png,,,,,,,,,,Zero,,
2023/09/01,[Spiecker 2023],10.1038/s41567-023-02082-8,Published,KIT,split junction JJ. Note: same device as [Gusenkova 2021],5.6,0.281,0.708,,,,half-flux (tunable Ej),,12.5,0.84,3.2,0.9745,floating,,,,DJJAA,global flux,None,Antenna,,GrAl,Fluxonium%20Qubits%20122b0deae41080ff93c9df95db61e38e/Screenshot_2025-01-08_084248.png,Fluxonium%20Qubits%20122b0deae41080ff93c9df95db61e38e/Screenshot_2025-01-08_210215.png,4231,389,,,,,Sapphire,GrAl,Zero,,
2023/08/04,[Dogan 2023] B,10.1103/PhysRevApplied.20.024011,Published,Amherst,Low readout fidelity — lots of averaging.,4.34,1.13,1.42,,,,half-flux,,17,5.5,13,,floating,,,,None,global flux,None,3D,,Al,Fluxonium%20Qubits%20122b0deae41080ff93c9df95db61e38e/Screenshot_2025-01-01_162536.png,Fluxonium%20Qubits%20122b0deae41080ff93c9df95db61e38e/Screenshot_2025-01-08_174231.png,485,114,,,,,Sapphire,Dolan JJ Array,One,,
2023/08/04,[Dogan 2023] A,10.1103/PhysRevApplied.20.024011,Published,Amherst,Low readout fidelity — lots of averaging.,4.03,1.18,0.78,,,,half-flux,,52,14,22,,floating,,,,None,global flux,None,3D,,Al,Fluxonium%20Qubits%20122b0deae41080ff93c9df95db61e38e/Screenshot_2025-01-01_162536.png,Fluxonium%20Qubits%20122b0deae41080ff93c9df95db61e38e/Screenshot_2025-01-08_174231.png,485,114,,,,,Sapphire,Dolan JJ Array,One,,
2023/07/05,[Hassani 2023] C,10.1038/s41467-023-39656-2,Published,IST,"Measured at 0 flux, such deep wells that fluxon transition matrix elements at half flux are exceptionally small. Area and perimeter estimated as 40*40um^2*N and 4*40um*N respectively. Area and perimter divided by 3 due to smaller L (from shorts).",33.34,0.17,1.6,,,86.3,0-flux,,17.4,22.6,,0.932,floating,,1500,0.5,None,global flux,Ex-situ,3D,98,Al,Fluxonium%20Qubits%20122b0deae41080ff93c9df95db61e38e/Screenshot_2025-01-07_190916.png,,52800,5280,,,,inductively shunted transmon,Si,Al,Zero,,
2023/07/05,[Hassani 2023] B,10.1038/s41467-023-39656-2,Published,IST,"Measured at 0 flux, such deep wells that fluxon transition matrix elements at half flux are exceptionally small. Area and perimeter estimated as 40*40um^2*N and 4*40um*N respectively",31.13,0.165,0.56,,,119.6,0-flux,,21,27.8,,0.932,floating,,1500,0.5,None,global flux,Ex-situ,3D,,Al,Fluxonium%20Qubits%20122b0deae41080ff93c9df95db61e38e/Screenshot_2025-01-07_190916.png,,158400,15840,,,,inductively shunted transmon,Si,Al,Zero,,
2023/07/05,[Hassani 2023] A,10.1038/s41467-023-39656-2,Published,IST,"Measured at 0 flux, such deep wells that fluxon transition matrix elements at half flux are exceptionally small. Area and perimeter estimated as 40*40um^2*N and 4*40um*N respectively",29.93,0.164,0.56,,,107.7,0-flux,,15.5,13,,0.932,floating,,1500,0.5,None,global flux,Ex-situ,3D,,Al,Fluxonium%20Qubits%20122b0deae41080ff93c9df95db61e38e/Screenshot_2025-01-07_190916.png,,158400,15840,,,,inductively shunted transmon,Si,Al,Zero,,
2023/06/29,[Somoroff 2023],10.1103/PhysRevLett.130.267001,Published,UMD,,5.57,1.08,0.64,7.54,20.2,40,half-flux,1.3,1200,1480,,,floating,,,20,None,global flux,None,3D,,Al,Fluxonium%20Qubits%20122b0deae41080ff93c9df95db61e38e/Screenshot_2024-12-31_213714.png,Fluxonium%20Qubits%20122b0deae41080ff93c9df95db61e38e/Screenshot_2025-01-08_172136.png,513,149,,,,,Sapphire,Dolan JJ Array,Zero,,
2023/03/09,[Bryon 2023],10.1103/PhysRevApplied.19.034031,Published,Princeton,,6.49,0.755,0.445,7.39,0.4,110,half-flux,,6.2,,,0.91,floating,,,,TWPA,"global flux, on-chip flux",Ion-Mill During JJ,2D,,Ta,Fluxonium%20Qubits%20122b0deae41080ff93c9df95db61e38e/Screenshot_2025-01-07_193852.png,Fluxonium%20Qubits%20122b0deae41080ff93c9df95db61e38e/Screenshot_2025-01-08_205351.png,4551,287,,,159,,Sapphire,Dolan JJ Array,,,
2023/02/01,[Rieger 2023],10.1038/s41563-022-01417-9,Published,KIT,"Antenna Fluxonium, tilted image area/perimeter is approx",23.4,15.4,0.573,7.407,1,,half-flux,0.86,11.4,,10.5,,floating,,10,0.784,DJJAA,global flux,None,Antenna,,GrAl,Fluxonium%20Qubits%20122b0deae41080ff93c9df95db61e38e/Screenshot_2025-01-01_213638.png,Fluxonium%20Qubits%20122b0deae41080ff93c9df95db61e38e/Screenshot_2025-01-08_175142.png,85,113,,,,gralmonium,Sapphire,GrAl,Zero,,
2022/11/12,[Hyyppä 2022] E,10.1038/s41467-022-34614-w,Published,IQM,,15,0.279,25.7,6.156,1.8,92.3,half-flux,4.1,5.6,2.5,11.4,0.89,floating,,,1.6,None,"charge drive, global flux",Ion-Mill During JJ,2D,14.3,Nb,Fluxonium%20Qubits%20122b0deae41080ff93c9df95db61e38e/Screenshot_2025-01-07_130730.png,,,,,,,Unimon,Si,Nb,Zero,,
2022/11/12,[Hyyppä 2022] D,10.1038/s41467-022-34614-w,Published,IQM,,14.8,0.278,25.7,5.699,10,85.7,half-flux,20.2,3.9,2.3,7,,floating,,,,None,"charge drive, global flux",Ion-Mill During JJ,2D,11.1,Nb,Fluxonium%20Qubits%20122b0deae41080ff93c9df95db61e38e/Screenshot_2025-01-07_130730.png,,,,,,,Unimon,Si,Nb,Zero,,
2022/11/12,[Hyyppä 2022] C,10.1038/s41467-022-34614-w,Published,IQM,,17.4,0.29,25.3,5.522,9.2,79.7,half-flux,9.2,5.8,2.3,9.3,,floating,,,,None,"charge drive, global flux",Ion-Mill During JJ,2D,11.2,Nb,Fluxonium%20Qubits%20122b0deae41080ff93c9df95db61e38e/Screenshot_2025-01-07_130730.png,,,,,,,Unimon,Si,Nb,Zero,,
2022/11/12,[Hyyppä 2022] B,10.1038/s41467-022-34614-w,Published,IQM,,19,0.297,25.2,6.198,1.24,70,half-flux,1.2,8.6,3.1,9.2,,floating,,,,None,"charge drive, global flux",Ion-Mill During JJ,2D,15,Nb,Fluxonium%20Qubits%20122b0deae41080ff93c9df95db61e38e/Screenshot_2025-01-07_130730.png,,,,,,,Unimon,Si,Nb,Zero,,
2022/11/12,[Hyyppä 2022] A,10.1038/s41467-022-34614-w,Published,IQM,,23.3,0.318,24.9,5.826,0.43,53.5,half-flux,0.74,7.2,1.9,6.8,,floating,,,,None,"charge drive, global flux",Ion-Mill During JJ,2D,6.1,Nb,Fluxonium%20Qubits%20122b0deae41080ff93c9df95db61e38e/Screenshot_2025-01-07_130730.png,,,,,,,Unimon,Si,Nb,Zero,,
2022/11/08,[Moskalenko 2022] S,10.1038/s41534-022-00644-x,Published,MISIS,,1.989,0.564,0.858,6.841,7.4,,half-flux,0.495,172,113,146,0.96,,,,,IMPA,"charge drive, on-chip flux",Ex-situ,2D,,Al,"Fluxonium%20Qubits%20122b0deae41080ff93c9df95db61e38e/Screenshot_2025-01-07_200605.png, Fluxonium%20Qubits%20122b0deae41080ff93c9df95db61e38e/Screenshot_2025-01-07_200903.png",,,,"Fluxonium%20Qubits%20122b0deae41080ff93c9df95db61e38e/Screenshot_2025-01-18_155854.png, Fluxonium%20Qubits%20122b0deae41080ff93c9df95db61e38e/Screenshot_2025-01-18_184055.png",0.45,114,,Si,Manhattan JJ Array,Zero,,
2022/11/08,[Moskalenko 2022] B,10.1038/s41534-022-00644-x,Published,MISIS,,2.061,0.567,0.835,7.383,7.2,,half-flux,0.272,86,76,93,0.89,,,,,IMPA,"charge drive, on-chip flux",Ex-situ,2D,,Al,"Fluxonium%20Qubits%20122b0deae41080ff93c9df95db61e38e/Screenshot_2025-01-07_200605.png, Fluxonium%20Qubits%20122b0deae41080ff93c9df95db61e38e/Screenshot_2025-01-07_200903.png",,,,"Fluxonium%20Qubits%20122b0deae41080ff93c9df95db61e38e/Screenshot_2025-01-18_155854.png, Fluxonium%20Qubits%20122b0deae41080ff93c9df95db61e38e/Screenshot_2025-01-18_184055.png",0.45,114,,Si,Manhattan JJ Array,One,,
2022/11/08,[Moskalenko 2022] A,10.1038/s41534-022-00644-x,Published,MISIS,,2.052,0.567,0.835,7.167,7.7,,half-flux,0.257,87,51,107,0.87,,,,,IMPA,"charge drive, on-chip flux",Ex-situ,2D,,Al,"Fluxonium%20Qubits%20122b0deae41080ff93c9df95db61e38e/Screenshot_2025-01-07_200605.png, Fluxonium%20Qubits%20122b0deae41080ff93c9df95db61e38e/Screenshot_2025-01-07_200903.png",,,,"Fluxonium%20Qubits%20122b0deae41080ff93c9df95db61e38e/Screenshot_2025-01-18_155854.png, Fluxonium%20Qubits%20122b0deae41080ff93c9df95db61e38e/Screenshot_2025-01-18_184055.png",0.45,114,,Si,Manhattan JJ Array,One,,
2022/06/28,[Bao 2022] B,10.1103/PhysRevLett.129.010502,Published,Alibaba,,2.086,1.572,0.537,6.753,,,half-flux,0.4,57,,17,0.77,floating,,,1,None,"charge drive, on-chip flux",None,2D,,Al,Fluxonium%20Qubits%20122b0deae41080ff93c9df95db61e38e/Screenshot_2025-01-01_160907.png,Fluxonium%20Qubits%20122b0deae41080ff93c9df95db61e38e/Screenshot_2025-01-08_173933.png,1399,279,Fluxonium%20Qubits%20122b0deae41080ff93c9df95db61e38e/Screenshot_2025-01-18_152639.png,0.39,100,,Si,Manhattan JJ Array,One,,
2022/06/28,[Bao 2022] A,10.1103/PhysRevLett.129.010502,Published,Alibaba,,2.257,1.398,0.523,6.696,14.29,,half-flux,0.63,80,,30,0.88,floating,,,1.5,None,"charge drive, on-chip flux",None,2D,,Al,Fluxonium%20Qubits%20122b0deae41080ff93c9df95db61e38e/Screenshot_2025-01-01_160907.png,Fluxonium%20Qubits%20122b0deae41080ff93c9df95db61e38e/Screenshot_2025-01-08_173933.png,1399,279,Fluxonium%20Qubits%20122b0deae41080ff93c9df95db61e38e/Screenshot_2025-01-18_152639.png,0.39,100,,Si,Manhattan JJ Array,One,,
2022/04/15,[Xiong 2022] B,10.1103/PhysRevResearch.4.023040,Published,UMD,,3.87,1.069,0.771,,,,half-flux,,116,13,20,,floating,,,,JTWPA,global flux,,3D,,,Fluxonium%20Qubits%20122b0deae41080ff93c9df95db61e38e/Screenshot_2025-01-07_192651.png,,,,,,,,,Dolan JJ Array,One,,
2022/04/15,[Xiong 2022] A,10.1103/PhysRevResearch.4.023040,Published,UMD,,5.263,1.051,0.753,,,,half-flux,,158,10,14,,floating,,,,JTWPA,global flux,,3D,,,Fluxonium%20Qubits%20122b0deae41080ff93c9df95db61e38e/Screenshot_2025-01-07_192651.png,,,,,,,,,Dolan JJ Array,One,,
2022/02/02,[Gusenkova 2022],10.1063/5.0075909,Published,Gran Sasso,Gradiometric measured area is taken as total loop. Revisit to clarify which length scale matters for flux noise amplitude.,5.1,5.7,0.95,7.445,,,half-flux,-7.8,10,0.59,5.3,,floating,,,,,global flux,,Antenna,,GrAl,Fluxonium%20Qubits%20122b0deae41080ff93c9df95db61e38e/Screenshot_2025-01-07_185447.png,Fluxonium%20Qubits%20122b0deae41080ff93c9df95db61e38e/Screenshot_2025-01-08_204135.png,5120,328,,,,gradiometric fluxonium,Sapphire,GrAl,One,,
2021/11/24,[Peruzzo 2021] F,10.1103/PRXQuantum.2.040341,Published,IST,"also reports coupling constants g, but has both capacitive and inductive, which isn’t well captured in this database",1.99,3.4,0.215,,,,half-flux,,2.25,,2,,,,,,,,,2D,646,Al,Fluxonium%20Qubits%20122b0deae41080ff93c9df95db61e38e/Screenshot_2025-01-07_160543.png,,200000,20000,,,,rf-SQUID qubit (rather than fluxonium space),Si,Al,Zero,,
2021/11/24,[Peruzzo 2021] E,10.1103/PRXQuantum.2.040341,Published,IST,"also reports coupling constants g, but has both capacitive and inductive, which isn’t well captured in this database",4.89,2.97,0.205,,,,half-flux,,9.62,,6,,,,,,,,,2D,673,Al,Fluxonium%20Qubits%20122b0deae41080ff93c9df95db61e38e/Screenshot_2025-01-07_160543.png,,200000,20000,,,,rf-SQUID qubit (rather than fluxonium space),Si,Al,Zero,,
2021/11/24,[Peruzzo 2021] D,10.1103/PRXQuantum.2.040341,Published,IST,"also reports coupling constants g, but has both capacitive and inductive, which isn’t well captured in this database",3.05,3.83,0.62,,,,half-flux,,1.81,,,,,,,,,,,2D,787,Al,Fluxonium%20Qubits%20122b0deae41080ff93c9df95db61e38e/Screenshot_2025-01-07_160543.png,,118400,11840,,,,rf-SQUID qubit (rather than fluxonium space),Si,Al,Zero,,
2021/11/24,[Peruzzo 2021] C,10.1103/PRXQuantum.2.040341,Published,IST,"also reports coupling constants g, but has both capacitive and inductive, which isn’t well captured in this database",5.41,3.25,0.619,,,,half-flux,,3.29,,,,,,,,,,,2D,338,Al,Fluxonium%20Qubits%20122b0deae41080ff93c9df95db61e38e/Screenshot_2025-01-07_160543.png,,118400,11840,,,,rf-SQUID qubit (rather than fluxonium space),Si,Al,Zero,,
2021/11/24,[Peruzzo 2021] B,10.1103/PRXQuantum.2.040341,Published,IST,"also reports coupling constants g, but has both capacitive and inductive, which isn’t well captured in this database",5.92,3.15,0.62,,,,half-flux,,2.38,,,,,,,,,,,2D,317,Al,Fluxonium%20Qubits%20122b0deae41080ff93c9df95db61e38e/Screenshot_2025-01-07_160543.png,,118400,11840,,,,rf-SQUID qubit (rather than fluxonium space),Si,Al,Zero,,
2021/11/24,[Peruzzo 2021] G,10.1103/PRXQuantum.2.040341,Published,IST,"also reports coupling constants g, but has both capacitive and inductive, which isn’t well captured in this database",3.15,0.5,0.78,,,,,,,,,,,,,,,,,3D,,Al,Fluxonium%20Qubits%20122b0deae41080ff93c9df95db61e38e/Screenshot_2025-01-07_160532.png,,112000,11200,,,,rf-SQUID qubit (rather than fluxonium space),Si,Al,Zero,,
2021/11/24,[Peruzzo 2021] H,10.1103/PRXQuantum.2.040341,Published,IST,"also reports coupling constants g, but has both capacitive and inductive, which isn’t well captured in this database",9,0.54,10.7,,,,,,,,,,,,,,,,,3D,,Al,Fluxonium%20Qubits%20122b0deae41080ff93c9df95db61e38e/Screenshot_2025-01-07_160532.png,,40000,4000,,,,rf-SQUID qubit (rather than fluxonium space),Si,Al,Zero,,
2021/11/24,[Peruzzo 2021] A,10.1103/PRXQuantum.2.040341,Published,IST,"also reports coupling constants g, but has both capacitive and inductive, which isn’t well captured in this database. loop area is estimated as 40*40um^2 * Nturns. Loop perimeter is estimated as 4*40um * Nturns",8.55,2.75,0.618,,,,half-flux,,1.5,,,,,,,,,,,2D,,Al,Fluxonium%20Qubits%20122b0deae41080ff93c9df95db61e38e/Screenshot_2025-01-07_160543.png,,118400,11840,,,,rf-SQUID qubit (rather than fluxonium space),Si,Al,Zero,,
2021/11/04,[Cottet 2021],10.1038/s41467-021-26686-x,Published,UMD,"no resonator! tilted image, so areas and perimeter are rough approximations",2,1.2,0.62,,,,half-flux,,52,,52,,floating,,,,None,global flux,,3D Waveguide,,,Fluxonium%20Qubits%20122b0deae41080ff93c9df95db61e38e/Screenshot_2025-01-07_153927.png,Fluxonium%20Qubits%20122b0deae41080ff93c9df95db61e38e/Screenshot_2025-01-08_203156.png,111,51,Fluxonium%20Qubits%20122b0deae41080ff93c9df95db61e38e/Screenshot_2025-01-18_155647.png,0.73,,,,Dolan JJ Array,Zero,,
2021/09/02,[Liu 2021],10.48550/arXiv.2109.00994,arXiv,USTC,Operates at 0 flux sweet spot,4.5,0.7,2.2,,,,0-flux,,32.5,16.3,,,grounded,,,,,,,2D,,,Fluxonium%20Qubits%20122b0deae41080ff93c9df95db61e38e/Screenshot_2025-01-07_132142.png,,,,Fluxonium%20Qubits%20122b0deae41080ff93c9df95db61e38e/Screenshot_2025-01-18_155502.png,0.52,37,Plasmonium,,Dolan JJ Array,One,,
2021/06/11,[Gusenkova 2021] phi2,10.1103/PhysRevApplied.15.064030,Published,KIT,tunable JJ. Chi changes with large numbers of photons in resonator,5.6,0.281,0.708,7.244,1.16,,half-flux (tunable Ej),0.7,,,,,floating,,,,DJJAA,global flux,None,Antenna,,GrAl,Fluxonium%20Qubits%20122b0deae41080ff93c9df95db61e38e/Screenshot_2025-01-08_084248%201.png,Fluxonium%20Qubits%20122b0deae41080ff93c9df95db61e38e/Screenshot_2025-01-08_210215%201.png,4231,389,,,,,Sapphire,GrAl,Zero,,
2021/06/11,[Takmakov 2021],10.1103/PhysRevApplied.15.064029,Published,KIT,Note that the qubit is operated off the sweet spot (0.542) to optimize pointe state separation,7.1,2.8,0.71,7.247,1.1,,non-half-integer,,20,,,0.98,,,56,0.432,DJJAA,,,,,,,,,,,,,,,GrAl,,,
2021/06/11,[Gusenkova 2021] phi1,10.1103/PhysRevApplied.15.064030,Published,KIT,tunable JJ,7.1,0.281,0.708,7.244,1.16,,,,,,,,floating,8000,74,,DJJAA,global flux,None,Antenna,,GrAl,Fluxonium%20Qubits%20122b0deae41080ff93c9df95db61e38e/Screenshot_2025-01-08_084248%202.png,Fluxonium%20Qubits%20122b0deae41080ff93c9df95db61e38e/Screenshot_2025-01-08_210215%202.png,4231,389,,,,,Sapphire,GrAl,Zero,,
2021/05/03,[Ficheux 2021] B,10.1103/PhysRevX.11.021026,Published,UMD,,5.899,0.973,0.457,7.4806,,,half-flux,,282,25.4,64,,floating,,,,JTWPA,global flux,None,3D,,Al,Fluxonium%20Qubits%20122b0deae41080ff93c9df95db61e38e/Screenshot_2024-12-31_215306.png,Fluxonium%20Qubits%20122b0deae41080ff93c9df95db61e38e/Screenshot_2025-01-08_172424.png,331,131,,,206,,Si,Dolan JJ Array,One,,
2021/05/03,[Ficheux 2021] A,10.1103/PhysRevX.11.021026,Published,UMD,,5.899,0.973,0.457,7.4806,,,half-flux,,347,5.6,31,,floating,,,,JTWPA,global flux,None,3D,,Al,Fluxonium%20Qubits%20122b0deae41080ff93c9df95db61e38e/Screenshot_2024-12-31_215306.png,Fluxonium%20Qubits%20122b0deae41080ff93c9df95db61e38e/Screenshot_2025-01-08_172424.png,331,131,,,310,,Si,Dolan JJ Array,One,,
2021/01/15,[Zhang 2021],10.1103/PhysRevX.11.011010,Published,SchusterLab (Chicago),"Readout fidelity would be much lower, but uses 1-2 pi pulse to readout using chi02 instead. T2E uses 3 pi pulses",3.395,0.479,0.132,5.7,9.5,,half-flux,0.06,300,,300,0.5,grounded,,,,None,on-chip flux,None,2D,,Nb,Fluxonium%20Qubits%20122b0deae41080ff93c9df95db61e38e/heavy-fluxonium.png,,,,,,300,,Sapphire,Dolan JJ Array,Zero,,
2020/12/14,[Pita-Vidal 2020] B,10.1103/PhysRevApplied.14.064038,Published,Delft,Ej is tunable by an applied electric field. Design appears to be gradiometric fluxonium — two inductors in parallel.,,1.75,1.1,,,,,,,,,,grounded,,,,,"charge drive, on-chip flux",,Antenna,,NbTiN,Fluxonium%20Qubits%20122b0deae41080ff93c9df95db61e38e/Screenshot_2025-01-07_145349.png,,,,,,,,,NbTiN,Zero,,
2020/12/14,[Pita-Vidal 2020] A,10.1103/PhysRevApplied.14.064038,Published,Delft,Ej is tunable by an applied electric field. Design appears to be gradiometric fluxonium — two inductors in parallel.,,2.35,0.7,,,,,,,,,,grounded,,,,,"charge drive, on-chip flux",,Antenna,,NbTiN,Fluxonium%20Qubits%20122b0deae41080ff93c9df95db61e38e/Screenshot_2025-01-07_145349.png,,,,,,,,,NbTiN,Zero,,
2020/11/16,[Mundada 2020],10.1103/PhysRevApplied.14.054033,Published,Princeton,"Paper has floquet driving, but the best coherence is at half flux without driving. Made assumptions about the details of the fab based on Houck lab.",2.65,1.17,0.54,,,,half-flux,,162,76,,,,,,,None,"global flux, on-chip flux",Ion-Mill During JJ,2D,,,Fluxonium%20Qubits%20122b0deae41080ff93c9df95db61e38e/Screenshot_2025-01-07_135155.png,,,,,,,,Sapphire,Dolan JJ Array,Zero,,
2020/09/17,[Pechenezhskiy 2020],10.1038/s41586-020-2687-9,Published,UMD,"Inductively coupled readout. “Up to 460 nJJ,” maybe not exactly that many. Not clear which photo corresponds to the device.",4.7,7.07,0.0665,,,,half-flux,,11,,21.4,,floating,,,,,global flux,None,Antenna,,Al,Fluxonium%20Qubits%20122b0deae41080ff93c9df95db61e38e/Screenshot_2025-01-01_152733.png,,,,,,460,Blochnium,Si,Dolan JJ Array,Zero,,
2020/06/23,[Gebauer 2020],10.1063/5.0011721,Published,KIT,"Readout fidelity is actually the reset fidelity, though using readout plus pi pulse.",,,,,,,0-flux,,80,,,0.994,,,,,DJJAA,,,,,,,,,,,,,,,,,,
2020/06/07,[Yan 2020] K,10.48550/arXiv.2006.04130,arXiv,MIT,,13.41,0.969,11.8,,,,half-flux,,30,,20,,floating,,,,,,,,,,Fluxonium%20Qubits%20122b0deae41080ff93c9df95db61e38e/Screenshot_2025-01-06_161019.png,,,,,,16,Quarton,,,,,
2020/06/07,[Yan 2020] J,10.48550/arXiv.2006.04130,arXiv,MIT,,6.95,0.969,7.58,,,,half-flux,,30,,,,floating,,,,,,,,,,Fluxonium%20Qubits%20122b0deae41080ff93c9df95db61e38e/Screenshot_2025-01-06_161019.png,,,,,,16,Quarton,,,,,
2020/06/07,[Yan 2020] I,10.48550/arXiv.2006.04130,arXiv,MIT,,6.95,0.969,5.841,,,,half-flux,,50.6,,110,,floating,,,,,,,,,,Fluxonium%20Qubits%20122b0deae41080ff93c9df95db61e38e/Screenshot_2025-01-06_161019.png,,,,,,16,Quarton,,,,,
2020/06/07,[Yan 2020] H,10.48550/arXiv.2006.04130,arXiv,MIT,,19.87,0.969,19.87,,,,half-flux,,23,,15,,floating,,,,,,,,,,Fluxonium%20Qubits%20122b0deae41080ff93c9df95db61e38e/Screenshot_2025-01-06_161019.png,,,,,,8,Quarton,,,,,
2020/06/07,[Yan 2020] G,10.48550/arXiv.2006.04130,arXiv,MIT,,19.87,0.969,19.47,,,,half-flux,,10,,7,,floating,,,,,,,,,,Fluxonium%20Qubits%20122b0deae41080ff93c9df95db61e38e/Screenshot_2025-01-06_161019.png,,,,,,8,Quarton,,,,,
2020/06/07,[Yan 2020] F,10.48550/arXiv.2006.04130,arXiv,MIT,,19.87,0.969,18.48,,,,half-flux,,,,,,floating,,,,,,,,,,Fluxonium%20Qubits%20122b0deae41080ff93c9df95db61e38e/Screenshot_2025-01-06_161019.png,,,,,,8,Quarton,,,,,
2020/06/07,[Yan 2020] E,10.48550/arXiv.2006.04130,arXiv,MIT,,8.94,0.646,8.31,,,,half-flux,,50,,12,,floating,,,,,,,,,,Fluxonium%20Qubits%20122b0deae41080ff93c9df95db61e38e/Screenshot_2025-01-06_161019.png,,,,,,8,Quarton,,,,,
2020/06/07,[Yan 2020] D,10.48550/arXiv.2006.04130,arXiv,MIT,,8.94,0.646,8.23,,,,half-flux,,20,,,,floating,,,,,,,,,,Fluxonium%20Qubits%20122b0deae41080ff93c9df95db61e38e/Screenshot_2025-01-06_161019.png,,,,,,8,Quarton,,,,,
2020/06/07,[Yan 2020] C,10.48550/arXiv.2006.04130,arXiv,MIT,,10.43,0.646,9.6,,,,half-flux,,82.9,,100,,floating,,,,,,,,,,Fluxonium%20Qubits%20122b0deae41080ff93c9df95db61e38e/Screenshot_2025-01-06_161019.png,,,,,,8,Quarton,,,,,
2020/06/07,[Yan 2020] B,10.48550/arXiv.2006.04130,arXiv,MIT,,10.43,0.646,9.91,,,,half-flux,,23,,,,floating,,,,,,,,,,Fluxonium%20Qubits%20122b0deae41080ff93c9df95db61e38e/Screenshot_2025-01-06_161019.png,,,,,,8,Quarton,,,,,
2020/06/07,[Yan 2020] A,10.48550/arXiv.2006.04130,arXiv,MIT,,10.43,0.969,9.6,,,,half-flux,,43.1,,70,,floating,,,,,,,,,,Fluxonium%20Qubits%20122b0deae41080ff93c9df95db61e38e/Screenshot_2025-01-06_161019.png,,,,,,8,Quarton,,,,,
2019/11/25,[Nguyen 2019] G,10.1103/PhysRevX.9.041041,Published,UMD,"Tilted JJ image, area might be inaccurate/underestimating. Looks like image is of device C",1.65,1.14,0.19,7.5,15,40,half-flux,0.03,110,,140,,floating,,,,None,global flux,None,3D,,Al,"Fluxonium%20Qubits%20122b0deae41080ff93c9df95db61e38e/Screenshot_2024-12-31_150450.png, Fluxonium%20Qubits%20122b0deae41080ff93c9df95db61e38e/Screenshot_2024-12-31_150854.png",,,,Fluxonium%20Qubits%20122b0deae41080ff93c9df95db61e38e/Screenshot_2025-01-18_152454.png,0.87,100,,Si,Dolan JJ Array,Zero,,
2019/11/25,[Nguyen 2019] F,10.1103/PhysRevX.9.041041,Published,UMD,"Tilted JJ image, area might be inaccurate/underestimating. Looks like image is of device C",3.4,0.8,0.41,7.5,15,70,half-flux,0.28,270,,165,,floating,,,,None,global flux,None,3D,,Al,"Fluxonium%20Qubits%20122b0deae41080ff93c9df95db61e38e/Screenshot_2024-12-31_150450.png, Fluxonium%20Qubits%20122b0deae41080ff93c9df95db61e38e/Screenshot_2024-12-31_150854.png",Fluxonium%20Qubits%20122b0deae41080ff93c9df95db61e38e/Screenshot_2025-01-08_164617.png,552,157,Fluxonium%20Qubits%20122b0deae41080ff93c9df95db61e38e/Screenshot_2025-01-18_152454.png,0.87,196,,Si,Dolan JJ Array,Zero,,
2019/11/25,[Nguyen 2019] E,10.1103/PhysRevX.9.041041,Published,UMD,"Tilted JJ image, area might be inaccurate/underestimating. Looks like image is of device C",1.6,0.86,0.5,7.5,15,70,half-flux,0.05,108,,140,,floating,,,,None,global flux,None,3D,,Al,"Fluxonium%20Qubits%20122b0deae41080ff93c9df95db61e38e/Screenshot_2024-12-31_150450.png, Fluxonium%20Qubits%20122b0deae41080ff93c9df95db61e38e/Screenshot_2024-12-31_150854.png",,,,Fluxonium%20Qubits%20122b0deae41080ff93c9df95db61e38e/Screenshot_2025-01-18_152454.png,0.87,102,,Si,Dolan JJ Array,Zero,,
2019/11/25,[Nguyen 2019] I,10.1103/PhysRevX.9.041041,Published,UMD,"Tilted JJ image, area might be inaccurate/underestimating. Looks like image is of device C",3.43,1,0.58,7.5,4,40,half-flux,0.08,500,,510,,floating,,,,None,global flux,None,3D,,Al,"Fluxonium%20Qubits%20122b0deae41080ff93c9df95db61e38e/Screenshot_2024-12-31_150450.png, Fluxonium%20Qubits%20122b0deae41080ff93c9df95db61e38e/Screenshot_2024-12-31_150854.png",,,,Fluxonium%20Qubits%20122b0deae41080ff93c9df95db61e38e/Screenshot_2025-01-18_152454.png,0.87,400,,Si,Dolan JJ Array,Zero,,
2019/11/25,[Nguyen 2019] D,10.1103/PhysRevX.9.041041,Published,UMD,"Tilted JJ image, area might be inaccurate/underestimating. Looks like image is of device C",2.2,0.83,0.52,7.5,15,70,half-flux,0.1,70,,90,,floating,,,,None,global flux,None,3D,,Al,"Fluxonium%20Qubits%20122b0deae41080ff93c9df95db61e38e/Screenshot_2024-12-31_150450.png, Fluxonium%20Qubits%20122b0deae41080ff93c9df95db61e38e/Screenshot_2024-12-31_150854.png",,,,Fluxonium%20Qubits%20122b0deae41080ff93c9df95db61e38e/Screenshot_2025-01-18_152454.png,0.87,136,,Si,Dolan JJ Array,Zero,,
2019/11/25,[Nguyen 2019] H,10.1103/PhysRevX.9.041041,Published,UMD,"Tilted JJ image, area might be inaccurate/underestimating. Looks like image is of device C",4.43,1,0.79,7.5,15,40,half-flux,0.1,230,,235,,floating,,,,None,global flux,None,3D,,Al,"Fluxonium%20Qubits%20122b0deae41080ff93c9df95db61e38e/Screenshot_2024-12-31_150450.png, Fluxonium%20Qubits%20122b0deae41080ff93c9df95db61e38e/Screenshot_2024-12-31_150854.png",,,,Fluxonium%20Qubits%20122b0deae41080ff93c9df95db61e38e/Screenshot_2025-01-18_152454.png,0.87,348,,Si,Dolan JJ Array,Zero,,
2019/11/25,[Nguyen 2019] C,10.1103/PhysRevX.9.041041,Published,UMD,"Tilted JJ image, area might be inaccurate/underestimating. Looks like image is of device C",2.2,0.55,0.72,7.5,15,70,half-flux,0.08,260,,350,,floating,,,,None,global flux,None,3D,,Al,"Fluxonium%20Qubits%20122b0deae41080ff93c9df95db61e38e/Screenshot_2024-12-31_150450.png, Fluxonium%20Qubits%20122b0deae41080ff93c9df95db61e38e/Screenshot_2024-12-31_150854.png",,,,Fluxonium%20Qubits%20122b0deae41080ff93c9df95db61e38e/Screenshot_2025-01-18_152454.png,0.87,100,,Si,Dolan JJ Array,Zero,,
2019/11/25,[Nguyen 2019] B,10.1103/PhysRevX.9.041041,Published,UMD,"Tilted JJ image, area might be inaccurate/underestimating. Looks like image is of device C",4.86,0.84,1.14,7.5,15,70,half-flux,0.57,250,,150,,floating,,,,None,global flux,None,3D,,Al,"Fluxonium%20Qubits%20122b0deae41080ff93c9df95db61e38e/Screenshot_2024-12-31_150450.png, Fluxonium%20Qubits%20122b0deae41080ff93c9df95db61e38e/Screenshot_2024-12-31_150854.png",,,,Fluxonium%20Qubits%20122b0deae41080ff93c9df95db61e38e/Screenshot_2025-01-18_152454.png,0.87,100,,Si,Dolan JJ Array,Zero,,
2019/11/25,[Nguyen 2019] A,10.1103/PhysRevX.9.041041,Published,UMD,"Tilted JJ image, area might be inaccurate/underestimating. Looks like image is of device C",3,0.84,1,7.5,15,70,half-flux,0.27,110,,160,,floating,,,,None,global flux,None,3D,,Al,"Fluxonium%20Qubits%20122b0deae41080ff93c9df95db61e38e/Screenshot_2024-12-31_150450.png, Fluxonium%20Qubits%20122b0deae41080ff93c9df95db61e38e/Screenshot_2024-12-31_150854.png",,,,Fluxonium%20Qubits%20122b0deae41080ff93c9df95db61e38e/Screenshot_2025-01-18_152454.png,0.87,144,,Si,Dolan JJ Array,Zero,,
2019/09/24,[Moskalenko 2019],10.1134/S0021364019200074,Published,MISIS,"Coherences seem to be taken at 0 flux — not fully clear. ",7.05,2.09,0.346,7.42,,200,0-flux,,2.75,0.0429,0.52,,grounded,,,,,on-chip flux,None,2D,,Al,Fluxonium%20Qubits%20122b0deae41080ff93c9df95db61e38e/Screenshot_2025-01-06_154935.png,Fluxonium%20Qubits%20122b0deae41080ff93c9df95db61e38e/Screenshot_2025-01-08_201330.png,106,56,Fluxonium%20Qubits%20122b0deae41080ff93c9df95db61e38e/Screenshot_2025-01-18_155120.png,0.21,70,,Si,Dolan JJ Array,Zero,,
2019/08/01,[Grünhaupt 2019],10.1038/s41563-019-0350-3,Published,KIT,,12.38,3.73,0.725,7.278,,,half-flux,,23,28,46,,floating,,,,None,global flux,None,Antenna,30,GrAl,Fluxonium%20Qubits%20122b0deae41080ff93c9df95db61e38e/Screenshot_2025-01-06_153537.png,Fluxonium%20Qubits%20122b0deae41080ff93c9df95db61e38e/Screenshot_2025-01-08_201031.png,5765,434,,,,,Sapphire,GrAl,Zero,,
2019/01/10,[Hazard 2019] 3,10.1103/PhysRevLett.122.010504,Published,Princeton,"Ground plane + Res is Nb, qubit pads are NbTiN. Likely not very high quality readout.",5.9,1.9,0.53,7.5,0.51,,half-flux,,0.22,0.28,,,floating,,,,,,None,2D,,NbTiN,Fluxonium%20Qubits%20122b0deae41080ff93c9df95db61e38e/Screenshot_2025-01-01_165636.png,Fluxonium%20Qubits%20122b0deae41080ff93c9df95db61e38e/Screenshot_2025-01-08_174805.png,2444,800,,,,,Sapphire,NbTiN,Zero,,
2019/01/10,[Hazard 2019] 2,10.1103/PhysRevLett.122.010504,Published,Princeton,"Ground plane + Res is Nb, qubit pads are NbTiN. Likely not very high quality readout.",16.16,0.56,0.52,6.08,1.38,,,,,,,,floating,,,,,,None,2D,,NbTiN,Fluxonium%20Qubits%20122b0deae41080ff93c9df95db61e38e/Screenshot_2025-01-01_165636.png,Fluxonium%20Qubits%20122b0deae41080ff93c9df95db61e38e/Screenshot_2025-01-08_174805.png,2444,800,,,,,Sapphire,NbTiN,Zero,,
2019/01/10,[Hazard 2019] 1,10.1103/PhysRevLett.122.010504,Published,Princeton,"Ground plane + Res is Nb, qubit pads are NbTiN. Likely not very high quality readout.",10.95,0.9,1.37,6.08,1.38,,,,,,,,floating,,,,,,None,2D,,NbTiN,Fluxonium%20Qubits%20122b0deae41080ff93c9df95db61e38e/Screenshot_2025-01-01_165636.png,Fluxonium%20Qubits%20122b0deae41080ff93c9df95db61e38e/Screenshot_2025-01-08_174805.png,2444,800,,,,,Sapphire,NbTiN,Zero,,
2018/06/14,[Kou 2018] B,10.1103/PhysRevApplied.9.064022,Published,Yale,Also inductively coupled readout,8.76,3.14,0.39,7.979,14,,half-flux,,100,13,,0.95,floating,,1,5,JPC,global flux,None,Antenna,,Al,Fluxonium%20Qubits%20122b0deae41080ff93c9df95db61e38e/Screenshot_2025-01-01_153545.png,Fluxonium%20Qubits%20122b0deae41080ff93c9df95db61e38e/Screenshot_2025-01-08_173025.png,348.2,111.7,,,131,,Sapphire,Dolan JJ Array,One,,
2018/06/14,[Kou 2018] A,10.1103/PhysRevApplied.9.064022,Published,Yale,Also inductively coupled readout,9.08,3.31,0.38,7.43,10,,half-flux,,113,25,,0.95,floating,,1,5,JPC,global flux,None,Antenna,,Al,Fluxonium%20Qubits%20122b0deae41080ff93c9df95db61e38e/Screenshot_2025-01-01_153545.png,Fluxonium%20Qubits%20122b0deae41080ff93c9df95db61e38e/Screenshot_2025-01-08_173025.png,348.2,111.7,,,131,,Sapphire,Dolan JJ Array,One,,
2018/05/30,[Vool 2018],10.1103/PhysRevApplied.9.054046,Published,Yale,SNAIL coupling to resonator. non-linear coupling. Note that loop area is reported. 25 um^2 difference between calculated value from approximation.,,,,6.82,16.8,0.87,half-flux,0.7,5.7,6,,,floating,,,,JPC,global flux,None,Antenna,,Al,Fluxonium%20Qubits%20122b0deae41080ff93c9df95db61e38e/Screenshot_2025-01-06_152438.png,Fluxonium%20Qubits%20122b0deae41080ff93c9df95db61e38e/Screenshot_2025-01-08_181650.png,350,119,,,,,Sapphire,Bridge-less JJ,Zero,,
2018/04/13,[Lin 2018],10.1103/PhysRevLett.120.150503,Published,UMD,"Split junction fluxonium — two fluxes. Coherence isn’t exactly at half flux. Perimeter and area approximated using scale bar on JJ image, likely larger error bars",17.61,0.55,0.72,10.304,,92,non-half-integer (tunable Ej),,2000,4,,,floating,,,,None,global flux,None,3D,,Al,Fluxonium%20Qubits%20122b0deae41080ff93c9df95db61e38e/Screenshot_2025-01-06_134454.png,"Fluxonium%20Qubits%20122b0deae41080ff93c9df95db61e38e/Screenshot_2025-01-18_154751.png, Fluxonium%20Qubits%20122b0deae41080ff93c9df95db61e38e/Screenshot_2025-01-18_154857.png",365,119,Fluxonium%20Qubits%20122b0deae41080ff93c9df95db61e38e/Screenshot_2025-01-18_154529.png,1.16,,,Si,Dolan JJ Array,Zero,,
2018/04/13,[Earnest 2018],10.1103/PhysRevLett.120.150504,Published,SchusterLab (Chicago),"Coherence  is not exactly on the half flux point. ",8.11,0.46,0.24,4.95,9.9,76,non-half-integer,,8000,0.5,1.3,,floating,,,,None,on-chip flux,None,2D,,Nb,Fluxonium%20Qubits%20122b0deae41080ff93c9df95db61e38e/Screenshot_2025-01-01_215732.png,Fluxonium%20Qubits%20122b0deae41080ff93c9df95db61e38e/Screenshot_2025-01-08_175629.png,204,66.5,,,100,Heavy Fluxonium,Sapphire,Bridge-less JJ,Zero,,
2017/08/29,[Kou 2017] A,10.1103/PhysRevX.7.031037,Published,Yale,"Molecule, so shouldn’t be really included in fluxonium",9.5,3.4,1.1,7.875,6,,fluxonium molecule,,50,1.25,54,,floating,,,,,global flux,None,Antenna,,Al,Fluxonium%20Qubits%20122b0deae41080ff93c9df95db61e38e/Screenshot_2025-01-06_133029.png,,,,,,,fluxonium molecule,Sapphire,Bridge-less JJ,Zero,,
2017/08/29,[Kou 2017] A,10.1103/PhysRevX.7.031037,Published,Yale,"Molecule, so shouldn’t be really included in fluxonium",9.8,3.3,1.2,7.875,6,,fluxonium molecule,,300,0.31,1.2,,floating,,,,,global flux,None,Antenna,,Al,Fluxonium%20Qubits%20122b0deae41080ff93c9df95db61e38e/Screenshot_2025-01-06_133029.png,,,,,,,fluxonium molecule,Sapphire,Bridge-less JJ,Zero,,
2017/08/29,[Kou 2017] A,10.1103/PhysRevX.7.031037,Published,Yale,"Molecule, so shouldn’t be really included in fluxonium",9.4,3.4,1.2,7.875,6,,fluxonium molecule,,60,0.45,1.6,,floating,,,,,global flux,None,Antenna,,Al,Fluxonium%20Qubits%20122b0deae41080ff93c9df95db61e38e/Screenshot_2025-01-06_133029.png,,,,,,,fluxonium molecule,Sapphire,Bridge-less JJ,Zero,,
2016/11/03,[Yan 2016],10.1038/ncomms12964,Published,MIT,"Not clear how to convert Supp. Table 1 parameters into Ej, El, Ec. Skipping for now. Come back to later",,,,,,,,,,,,,floating,,,,,,,,,Al,"Fluxonium%20Qubits%20122b0deae41080ff93c9df95db61e38e/Screenshot_2025-01-06_164333.png, Fluxonium%20Qubits%20122b0deae41080ff93c9df95db61e38e/Screenshot_2025-01-06_164357.png",Fluxonium%20Qubits%20122b0deae41080ff93c9df95db61e38e/Screenshot_2025-01-08_201757.png,36,24,,,,CSFQ,Sapphire,,,,
2016/10/14,[Smith 2016] B,10.1103/PhysRevB.94.144507,Published,Yale,,9.08,3.28,0.378,,,,,,,,,,grounded,,,30,None,global flux,None,Antenna,,Al,,,,,,,,,Sapphire,Bridge-less JJ,Zero,,
2016/10/14,[Smith 2016] A,10.1103/PhysRevB.94.144507,Published,Yale,,6.2,3.65,0.419,,5,,,,,,,,grounded,,,30,None,global flux,None,Antenna,,Al,,,,,,,,,Sapphire,Bridge-less JJ,Zero,,
2014/12/08,[Vool 2014],10.1103/PhysRevLett.113.247001,Published,Yale,"Antenna readout. Seems like chi is at half flux, as this is where the study exists, but it isn’t fully clear",10,3.6,0.46,,4.7,,half-flux,1,,,,,floating,,2.5,5,JPC,global flux,None,Antenna,,Al,"Fluxonium%20Qubits%20122b0deae41080ff93c9df95db61e38e/Screenshot_2025-01-06_111313.png, Fluxonium%20Qubits%20122b0deae41080ff93c9df95db61e38e/Screenshot_2025-01-06_112047.png",Fluxonium%20Qubits%20122b0deae41080ff93c9df95db61e38e/Screenshot_2025-01-08_181351.png,262,92,Fluxonium%20Qubits%20122b0deae41080ff93c9df95db61e38e/Screenshot_2025-01-06_112047%201.png,0.6,95,,,Bridge-less JJ,Zero,,
2014/04/17,[Pop 2014] B,10.1038/nature13017,Published,Yale,,11.2,3.34,0.496,8.894,4,,half-flux,0.5,1000,14,21,,floating,,,,None,global flux,None,Antenna,,Al,Fluxonium%20Qubits%20122b0deae41080ff93c9df95db61e38e/Screenshot_2025-01-01_221515.png,Fluxonium%20Qubits%20122b0deae41080ff93c9df95db61e38e/Screenshot_2025-01-08_175914.png,204,67,,,95,,Sapphire,Bridge-less JJ,Zero,,
2014/04/17,[Pop 2014] A,10.1038/nature13017,Published,Yale,,10.2,3.6,0.46,8.894,4,,half-flux,0.5,1000,7.9,8.5,,floating,,,,None,global flux,None,Antenna,,Al,Fluxonium%20Qubits%20122b0deae41080ff93c9df95db61e38e/Screenshot_2025-01-01_221515.png,Fluxonium%20Qubits%20122b0deae41080ff93c9df95db61e38e/Screenshot_2025-01-08_175914.png,204,67,,,95,,Sapphire,Bridge-less JJ,Zero,,
2012/09/27,"[Bell 2012] ",10.1103/PhysRevLett.109.137003,Published,Rutgers,"Tunable Ej device. ",,,,,,,,,,,,,floating,,,,None,global flux,,Antenna,,Al,Fluxonium%20Qubits%20122b0deae41080ff93c9df95db61e38e/Screenshot_2025-01-08_124414.png,,,,,,,,Si,,Zero,,
2012/09/27,[Bell 2012] A,10.1103/PhysRevLett.109.137003,Published,Rutgers,"Tunable Ej device. ",,,,,,,,,,,,,floating,,,,None,global flux,None,Antenna,,Al,Fluxonium%20Qubits%20122b0deae41080ff93c9df95db61e38e/Screenshot_2025-01-08_124414.png,,,,,,,,Si,Al,Zero,,
2012/01/11,[Manucharyan 2012] B,10.1103/PhysRevB.85.024521,Published,Yale,Data extracted from figures 3 and 4,12,2.46,0.89,,,,half-flux,,,4,,,floating,,,,None,global flux,None,2D,,Al,"Fluxonium%20Qubits%20122b0deae41080ff93c9df95db61e38e/Screenshot_2025-01-06_110112.png, Fluxonium%20Qubits%20122b0deae41080ff93c9df95db61e38e/Screenshot_2025-01-06_105156.png, Fluxonium%20Qubits%20122b0deae41080ff93c9df95db61e38e/Screenshot_2025-01-18_164349.png",Fluxonium%20Qubits%20122b0deae41080ff93c9df95db61e38e/Screenshot_2025-01-08_181203.png,78,50,,0.4,43,,Si,Dolan JJ Array,Zero,,
2012/01/11,[Manucharyan 2012] A,10.1103/PhysRevB.85.024521,Published,Yale,"Coherence data extracted from figures 3 and 4. For JJ area, two length measurements from second image.",8.9,2.5,0.525,8.175,20,,half-flux,,6,0.25,,,floating,,,,None,global flux,None,2D,,Al,"Fluxonium%20Qubits%20122b0deae41080ff93c9df95db61e38e/Screenshot_2025-01-06_110112.png, Fluxonium%20Qubits%20122b0deae41080ff93c9df95db61e38e/Screenshot_2025-01-06_105156.png, Fluxonium%20Qubits%20122b0deae41080ff93c9df95db61e38e/Screenshot_2025-01-18_164349.png",Fluxonium%20Qubits%20122b0deae41080ff93c9df95db61e38e/Screenshot_2025-01-08_181203.png,78,50,,0.4,43,,Si,Dolan JJ Array,Zero,,
2009/10/02,[Manucharyan 2009],10.1126/science.1175552,Published,Yale,Doesn’t measure coherence other than linewidths,9,2.5,0.52,8.17,20.4,0.135,,,,,,,grounded,,,,None,global flux,None,2D,,Al,Fluxonium%20Qubits%20122b0deae41080ff93c9df95db61e38e/manucharyan2009.png,,,,,,44,Fluxonium,Si,Dolan JJ Array,Zero,,
,Nidoran (F) qA,,Unpublished,SchusterLab (Stanford),Also known as FFv5 C19,6.1,0.85,0.183,6.27,0.55,,half-flux,0.39,63,4.5,57.2,,grounded,,,,None,on-chip flux,Ion-Mill During JJ,2D,,Ta,,,,,,0.396,236,"Nidoran (F) ",Sapphire,Dolan JJ Array,Zero,,